﻿16-17 SEP 2008,,Basic Geopak-Win    Model: BND-CC7106  (เครื่องมือวัด CMM),MITUTOYO,5102169
29/09/08 - 21/03/09,,ฝึกงานที่ญี่ปุ่น การตรวจสอบคุณภาพงาน ด้าน QC.,SHIPPO MOULDS,5102169
20/04/2009,10.00-11.00,วิธีการใช้เครนอย่างถูกต้อง,"คุณทวี,คุณนิรัน",5102169
14/05/2009,13.00-13.40,COLOR CHECK,คุณสุทิน / SAMT,5102169
14/05/2009,13.40-14.00,เช็คความแข็ง,คุณสุรัช / SAMT,5102169
14/03/2010,17.00-19.00,Silll Test 2010,SAMT,5102169
25/03/2011,17.00-19.00,Silll Test 2011,SAMT,5102169
16/03/2012,17.00-19.00,Silll Test 2012,SAMT,5102169
7-8/12/2012,08.00-16.30,การใช้เครนและรอกอย่างถูกวิธี,Kito,5102169
16/03/2013,17.00-19.00,Silll Test 2013,SAMT,5102169
2/12/2015,08.00-16.00,ผู้ปฏิบัติหน้าที่เกี่ยวกับปั้นจั่น (ทบทวน),Kito,5102169
6-7/09/2017,08.00-16.00,คปอ.คณะกรรมการความปลอดภัยในสถานประกอบการ,ปิ่นทอง,5102169
5/6/2020,08.00-12.45,ทบทวนการใช้เครน,Kito,5102169
30/06/2022,09.00-16.00,ทบทวนการใช้เครน,Kito,5102169
22/01/2008,10.00-12.00,วิธีการทำ Model Graphite และโปรแกรมเดิน NC Graphite (สำหรับงาน SHIPPO),"MR.MIZUTANI, MR. A.MATSUOKA",5109177
31/03/2009,13.00-14.30,TRAINNING หลัง TEST 2009  (CAM KNOWLEDGE),MR.MIZUTANI,5109177
09/04/2009,09.00-11.00,KAIZEN,"คุณวันชัย,คุณอัญชนา",5109177
10/04/2009,09.30-11.30,ISO 9001:2000,คุณอัญชนา,5109177
'17/04/2009,09.00-10.00,ยื่นแบบผู้มีเงินได้   ภงด.91,คุณยาจิต / SAMT,5109177
18/04/2009,14.30-16.00,MIND MAP,คุณเทพฤทธิ์ / SAMT,5109177
24/04/2009,09.30-11.00,การเพิ่มผลผลิตโดย 5ส.,คุณวันชัย / SAMT,5109177
30/04/2009,09.00-16.00,"พรบ.กองทุนเงินทดแทน(เจ็บป่วยในการทำงาน),พรบ.กองทุนประกันสังคม",สนง.ประกันสังคม,5109177
14/03/2010,17.00-19.00,Silll Test 2010,SAMT,5109177
25/03/2011,17.00-19.00,Silll Test 2011,SAMT,5109177
16/03/2012,17.00-19.00,Silll Test 2012,SAMT,5109177
16/03/2013,17.00-19.00,Silll Test 2013,SAMT,5109177
02-03/03/2005,,KAIZEN ทำไคเซ็นอย่างไรให้เป็นเลิศในองค์กร,สสท.,4410058
18/07/2005,13.00-17.00,"""พื้นฐานวิศวกรรมไดคาสติง"" โครงสร้างแม่พิมพ์และการออกแบบแม่พิมพ์",สมาคมฯ,4410058
Mar 2005,17.00-19.00,สอบประจำปี (SKILL TEST 2005 ),,4410058
Mar 2006,17.00-19.00,สอบประจำปี (SKILL TEST 2006 ),,4410058
Mar 2007,17.00-19.00,สอบประจำปี (SKILL TEST 2007 ),,4410058
11/09/2007,08.00-16.30,อบรมเทคนิคการเป็นผู้บังคับบัญชา ,สสท.,4410058
15/03/2008,17.00-19.00,สอบประจำปี (SKILL TEST 2008 ),,4410058
22/07/2008,17.00-19.00,อบรบและสอนวิธีการทำข้อสอบ,MR. A.MATSUOKA,4410058
14/03/2009,17.00-19.00,สอบประจำปี (SKILL TEST 2009 ),,4410058
30/04/2009,09.00-16.00,"พรบ.กองทุนเงินทดแทน(เจ็บป่วยในการทำงาน),พรบ.กองทุนประกันสังคม",สนง.ประกันสังคม,4410058
14/03/2010,17.00-19.00,Skill Test 2010,SAMT,4410058
22/02/2011,08.30-16.00,เจาะลึกเรื่องกฎหมายที่ HR และหัวหน้างานควรรู้,HPN,4410058
29-30/03/2011,08.30-16.00,ISO 9001:2008 Internal Auditor,TQA,4410058
20/11/2014,08.00-16.00,ความปลอดภัยในการทำงานเบื้องต้น 5ส.,Employer Organization,4410058
31/03/2017,08.00-17.00,ISO 9001:2015,JQA,4410058
6-7/09/2017,08.00-17.00,คปอ.คณะกรรมการความปลอดภัย อาชีวอนามัย ในสถานประกอบกิจการ,ปิ่นทอง,4410058
14/11/2016,09.00-17.00,กิจกรรมเยี่ยมงานในโรงงาน Toyota,Mastercor,4410058
26/10/2019,09.00-10.00,CPR การปฐมพยาบาลเบื้องต้น,เทศบาลหนองปรือ,4410058
31/08/2020,08.00-17.00,Self Esteem Vs Self Image,Excellance,4410058
19/08/2020,08.30-17.00,Systematic problem anaysis & Solution for Manufactory,EQUAL,4410058
17-20/01/2022,09.00-16.00,Topsolid 7 Cad,Topsolid,4410058
28-31/03/22,09.00-16.00,Topsolid 7 Cad (Mould),Topsolid,4410058
29/01/2022,13.00-16.00,การชุบแข็ง,Daido,4410058
7/5/2022,08.00-16.00,พรบ.คุ้มครองข้อมูลส่วนบุคคล,องค์การนายจ้าง,4410058
Mar 2007,17.00-19.00,สอบประจำปี (SKILL TEST 2007 ),,4803121
15/03/2008,17.00-19.00,สอบประจำปี (SKILL TEST 2008 ),,4803121
22/07/2008,17.00-19.00,อบรบและสอนวิธีการทำข้อสอบ,MR. A.MATSUOKA,4803121
14/03/2009,17.00-19.00,สอบประจำปี (SKILL TEST 2009 ),,4803121
14/03/2010,17.00-19.00,Silll Test 2010,SAMT,4803121
25/03/2011,17.00-19.00,Silll Test 2011,SAMT,4803121
16/03/2012,17.00-19.00,Silll Test 2012,SAMT,4803121
24/05/2012,08.00-16.00,พัฒนาทักษาการบริหารหัวหน้างานยุคใหม่,HPN,4803121
16/03/2013,17.00-19.00,Silll Test 2013,SAMT,4803121
20/11/2014,08.00-16.00,ความปลอดภัยในการทำงานเบื้องต้น 5ส.,Employer Organization,4803121
31/03/2017,08.00-17.00,ISO 9001:2015,JQA,4803121
23/24/05/2018,08.00-17.00,จป.ระดับหัวหน้างาน,ปิ่นทอง,4803121
26/10/2019,09.00-16.00,การปฐมพยาบาลเบื้องต้น CPR,เทศลาลหนองปรือ,4803121
29/08/2020,08.00-17.00,หัวหน้างานยุคใหม่บริหารอย่างไรได้ทั้งคนทั้งงานและจูงใจจากลูกน้อง,HPN,4803121
13-14/07/2021,09.00-16.00,Top Solid7 Surface(Online),Topsolid,4803121
4-7/07/2022,09.00-16.00,Top Solid7 Cad,Topsolid,4803121
7/5/2022,08.00-16.00,พรบ.คุ้มครองข้อมุลส่วนบุคคล พศ.2562,สภาองค์กรนายจ้าง,4803121
Mar 2007,17.00-19.00,สอบประจำปี (SKILL TEST 2007 ),,4810128
15/03/2008,17.00-19.00,สอบประจำปี (SKILL TEST 2008 ),,4810128
22/07/2008,17.00-19.00,อบรบและสอนวิธีการทำข้อสอบ,MR. A.MATSUOKA,4810128
14/03/2009,17.00-19.00,สอบประจำปี (SKILL TEST 2009 ),,4810128
18/04/2009,09.00-11.00,MIND MAP,คุณเทพฤทธิ์ / SAMT,4810128
24/04/2009,09.30-11.00,การเพิ่มผลผลิตโดย 5ส.,คุณวันชัย / SAMT,4810128
30/04/2009,09.00-16.00,"พรบ.กองทุนเงินทดแทน(เจ็บป่วยในการทำงาน),พรบ.กองทุนประกันสังคม",สนง.ประกันสังคม,4810128
14/03/2010,17.00-19.00,Skill Test 2010,SAMT,4810128
25/03/2011,17.00-19.00,Skill Test 2011,SAMT,4810128
16/03/2012,17.00-19.00,Skill Test 2012,SAMT,4810128
16/03/2013,17.00-19.00,Skill Test 2013,SAMT,4810128
20/11/2014,08.00-16.00,ความปลอดภัยในการทำงานเบื้องต้น 5 ส.,Employer organization,4810128
18/12/2014,08.00-16.00,อบรมดับเพลิงเบื้องต้น และอพยพหนีไฟ,เทศบาลหนองปรือ,4810128
13/11/18 - 01/04/2019,08.00-16.00,"เรียนรู้งานเกี่ยวกับลูกค้า ข้อกำหนดของลูกค้า, การประชุมร่วมกับ Supplier, การตรวจสอบข้อมูล, การรับส่งข้อมูล, การให้ความช่วยเหลือต่อ Supplier กรณีมีปัญหา, การประสานงานภายในบริษัท",หัวหน้างาน,4810128
26/10/2019,09.00-10.00,CPR การปฐมพยาบาลเบื้องต้น CPR,เทศบาลหนองปรือ,4810128
24/25/2/2020,09.00-16.00,Dr.Kotei Program,CIM,4810128
24/02/2020,13.00-16.00,ชนิดของเหล็ก และการชุบผิว (ดูงาน),Daido,4810128
15-16-07-2020,08.00-16.00,จป.หัวหน้างาน,PMC,4810128
29/08/2020,08.00-17.00,หัวหน้างานยุคใหม่บริหารอย่างไรได้ทั้งงาน และใจจากลูกน้อง,HPN,4810128
13-14/2021,09.00-17.00,TOPSolid 7 Surface(Online),TopSolid,4810128
7-10/02/2022,09.00-16.00,TOPSolid 7 CAD,TopSolid,4810128
28-31/03/2022,09.00-16.00,TOPSolid 7 Mold,TopSolid,4810128
29/01/2022,13.00-16.00,การชุบแข็ง,Daido,4810128
7/5/2022,08.30-16.00,พรบ.คุ้มครองข้อมูลส่วรบุคคล พศ.2562,สภาองค์การนายจ้าง,4810128
Mar 2005,17.00-19.00,สอบประจำปี (SKILL TEST 2005 ),,4506073
Mar 2006,17.00-19.00,สอบประจำปี (SKILL TEST 2006 ),,4506073
10/06/2006,09.00-16.30,ยอดหัวหน้างาน ,สสท.,4506073
Mar 2007,17.00-19.00,สอบประจำปี (SKILL TEST 2007 ),,4506073
21-22/06/2007,09.00-17.00,ISO 9001:2000 INTERNAL AUDITOR ,TQA,4506073
18-23/09/2007,,ดูงานที่ญี่ปุ่น การนำ 3D มาใช้จริงและสภาพปัจจุบัน ,SHIPPO MOULDS,4506073
15/03/2008,17.00-19.00,สอบประจำปี (SKILL TEST 2008 ),,4506073
21/01/2008,10.00-12.00,วิธีการทำ Model Graphite และโปรแกรมเดิน NC Graphite (สำหรับงาน SHIPPO),"MR.MIZUTANI, MR. A.MATSUOKA",4506073
14/03/2009,17.00-19.00,สอบประจำปี (SKILL TEST 2009 ),,4506073
24/04/2009,09.30-11.00,การเพิ่มผลผลิตโดย 5ส.,คุณวันชัย / SAMT,4506073
284/04/2009,09.30-11.30,วิธีการอ่าน DRAWING,คุณชัยคร / SAMT,4506073
30/04/2009,09.00-16.00,"พรบ.กองทุนเงินทดแทน(เจ็บป่วยในการทำงาน),พรบ.กองทุนประกันสังคม",สนง.ประกันสังคม,4506073
18/02/2009,13.00-17.00,ISO 9001:2008 Change point,TQA,4506073
14/03/2010,17.00-19.00,Skill Test 2010,SAMT,4506073
25/03/2011,17.00-19.00,Skill Test 2011,SAMT,4506073
16/03/2012,17.00-19.00,Skill Test 2012,SAMT,4506073
16/03/2013,17.00-19.00,Skill Test 2013,SAMT,4506073
31/03/2017,08.00-17.00,ISO 9001:2015,JQA,4506073
24-25/02/2020,08.00-16.00,Dr.Kotei Program,CIM,4506073
29/08/2020,08.00-17.00,หัวหน้างานยุคใหม่บริหารอย่างไรได้ทั้งงาน และใจจากลูกน้อง,HPN,4506073
11-14/01/2021,08.00-16.00,TopSolid (Course#2),TopSolid,4506073
25-28/01/2021,08.00-16.00,TopSolid (Course#1),TopSolid,4506073
13-14/07/2021,09.00-16.00,"TopSolid7 Surface(Online)ต่อเนื่องจาก #1,#2",TopSolid,4506073
7/5/2022,08.30-16.00,พรบ.คุ้มครองข้อมูลส่วนบุคคล พศ.2562,สภาองค์การนายจ้าง,4506073
15/03/2008,17.00-19.00,สอบประจำปี (SKILL TEST 2008 ),,4906145
22/07/2008,17.00-19.00,อบรบและสอนวิธีการทำข้อสอบ,MR. A.MATSUOKA,4906145
21/01/2008,10.00-12.00,วิธีการทำ Model Graphite และโปรแกรมเดิน NC Graphite (สำหรับงาน SHIPPO),"MR.MIZUTANI, MR. A.MATSUOKA",4906145
14/03/2009,17.00-19.00,สอบประจำปี (SKILL TEST 2009 ),,4906145
'17/04/2009,09.00-10.00,ยื่นแบบผู้มีเงินได้   ภงด.91,คุณยาจิต / SAMT,4906145
18/04/2009,09.00-11.00,MIND MAP,คุณเทพฤทธิ์ / SAMT,4906145
14/03/2010,17.00-19.00,Skill Test 2010,SAMT,4906145
25/03/2011,17.00-19.00,Skill Test 2011,SAMT,4906145
16/03/2012,17.00-19.00,Skill Test 2012,SAMT,4906145
16/03/2013,17.00-19.00,Skill Test 2013,SAMT,4906145
14/03/2019,13.00-17.00,Cad Maiter V13.1,Cad Maiter,4906145
23/10/2020,08.00-16.00,การดับเพลิงเบื้องต้น,เทศบาลหนองปรือ,4906145
11-14/01/2021,08.00-16.00,TopSolid (Course#2),TopSolid,4906145
25-28/01/2021,08.00-16.00,TopSolid (Course#1),TopSolid,4906145
13-14/07/2021,09.00-16.00,"TopSolid7 Surface(Online)ต่อเนื่องจาก #1,#2",TopSolid,4906145
29/01/2022,13.00-16.00,การชุบแข็ง,Daido,4906145
Mar 2005,17.00-19.00,สอบประจำปี (SKILL TEST 2005 ),,4001017
Mar 2006,17.00-19.00,สอบประจำปี (SKILL TEST 2006 ),,4001017
Mar 2007,17.00-19.00,สอบประจำปี (SKILL TEST 2007 ),,4001017
15/03/2008,17.00-19.00,สอบประจำปี (SKILL TEST 2008 ),,4001017
21/01/2008,10.00-12.00,วิธีการทำ Model Graphite และโปรแกรมเดิน NC Graphite (สำหรับงาน SHIPPO),"MR.MIZUTANI, MR. A.MATSUOKA",4001017
14/03/2009,17.00-19.00,สอบประจำปี (SKILL TEST 2009 ),,4001017
18/04/2009,14.30-16.00,MIND MAP,คุณเทพฤทธิ์ / SAMT,4001017
24/04/2009,09.00-11.00,การเพิ่มผลผลิตโดย 5ส.,คุณวันชัย / SAMT,4001017
28/04/2009,09.30-11.30,วิธีการอ่าน DRAWING,คุณชัยคร / SAMT,4001017
30/04/2009,09.00-16.00,"พรบ.กองทุนเงินทดแทน(เจ็บป่วยในการทำงาน),พรบ.กองทุนประกันสังคม",สนง.ประกันสังคม,4001017
14/03/2010,17.00-19.00,Skill Test 2010,SAMT,4001017
25/03/2011,17.00-19.00,Skill Test 2011,SAMT,4001017
16/03/2012,17.00-19.00,Skill Test 2012,SAMT,4001017
16/03/2013,17.00-19.00,Skill Test 2013,SAMT,4001017
20/11/2014,08.00-16.00,ความปลอดภัยในการทำงานเบื้องต้น 5ส.,Employer organization,4001017
24/10/2015,08.00-16.00,อบรมเบื้องต้น อพยพหนีไฟ,เทศบาลหนองปรือ,4001017
7-10/02/2022,09.00-16.00,TopSolid 7 Cad,TopSolid,4001017
7/10/2022,09.00-16.00,อบรมดับเพลิง อพยพหนีไฟ,เทศบาล,4001017
14-16/05/2007,10.00-16.30,CADCEUS TRAINING,NSS,5003153
21/01/2008,10.00-12.00,วิธีการทำ Model Graphite และโปรแกรมเดิน NC Graphite (สำหรับงาน SHIPPO),"MR.MIZUTANI, MR. A.MATSUOKA",5003153
14/03/2009,17.00-19.00,สอบประจำปี (SKILL TEST 2009 ),,5003153
'17/04/2009,09.00-10.00,ยื่นแบบผู้มีเงินได้   ภงด.91,คุณยาจิต / SAMT,5003153
18/04/2009,09.00-11.00,MIND MAP,คุณเทพฤทธิ์ / SAMT,5003153
28/04/2009,09.30-11.30,วิธีการอ่าน DRAWING,คุณชัยคร / SAMT,5003153
30/04/2009,09.00-16.00,"พรบ.กองทุนเงินทดแทน(เจ็บป่วยในการทำงาน),พรบ.กองทุนประกันสังคม",สนง.ประกันสังคม,5003153
14/03/2010,17.00-19.00,Skill Test 2010,SAMT,5003153
25/03/2011,17.00-19.00,Skill Test 2011,SAMT,5003153
16/03/2012,17.00-19.00,Skill Test 2012,SAMT,5003153
16/03/2013,17.00-19.00,Skill Test 2013,SAMT,5003153
20/11/2014,08.00-16.00,ความปลอดภัยในการทำงานเบื้องต้น 5ส.,Employer organization,5003153
14/10/2016,08.00-16.00,การอบรมดับเพลิง ซ้อมอพยพหนีไฟ,เทศบาลหนองปรือ,5003153
11-14/01/2021,08.00-16.00,TopSolid (Course#2),TopSolid,5003153
25-28/01/2021,08.00-16.00,TopSolid (Course#1),TopSolid,5003153
13-14/07/2021,09.00-16.00,"TopSolid7 Surface(Online)ต่อเนื่องจาก #1,#2",TopSolid,5003153
29/01/2022,13.00-16.00,การชุบแข็ง,Daido,5003153
29/092008 - 21/03/2009,,ฝึกงานที่ญี่ปุ่น  งานเขียนแบบ (Desigm),SHIPPO MOULDS,5006160
14/03/2009,17.00-19.00,สอบประจำปี (SKILL TEST 2009 ),,5006160
09/04/2009,,KAIZEN,"คุณวันชัย,คุณอัญชนา",5006160
18/04/2009,14.30-16.00,MIND MAP,คุณเทพฤทธิ์ / SAMT,5006160
24/04/2009,09.00-11.00,การเพิ่มผลผลิตโดย 5ส.,คุณวันชัย / SAMT,5006160
28/04/2009,09.30-11.30,วิธีการอ่าน DRAWING,คุณชัยคร / SAMT,5006160
30/04/2009,09.00-16.00,"พรบ.กองทุนเงินทดแทน(เจ็บป่วยในการทำงาน),พรบ.กองทุนประกันสังคม",สนง.ประกันสังคม,5006160
14/03/2010,17.00-19.00,Skill Test 2010,SAMT,5006160
25/03/2011,17.00-19.00,Skill Test 2011,SAMT,5006160
16/03/2012,17.00-19.00,Skill Test 2012,SAMT,5006160
16/03/2013,17.00-19.00,Skill Test 2013,SAMT,5006160
25/03/2014,08.00-16.00,ความรู้เรื่องประกันสังคม และแรงงานสัมพันธ์ในสถานประกอบการ,Employer organization,5006160
20/11/2014,08.00-16.00,ความปลอดภัยในการทำงานเบื้องต้น 5ส.,Employer organization,5006160
18/12/2014,08.00-16.00,อบรมดับเพลิงเบื้องต้น และอพยพหนีไฟ,เทศบาลหนองปรือ,5006160
17-20/01/2022,09.00-16.00,TopSolid 7 CAD,TopSolid,5006160
28-31/03/2022,09.00-16.00,TopSolid 7 Mould,TopSolid,5006160
09/04/2009,,KAIZEN,"คุณวันชัย,คุณอัญชนา",5107174
18/04/2009,14.30-16.00,MIND MAP,คุณเทพฤทธิ์ / SAMT,5107174
24/04/2009,09.00-11.00,การเพิ่มผลผลิตโดย 5ส.,คุณวันชัย / SAMT,5107174
28/04/2009,09.30-11.30,วิธีการอ่าน DRAWING,คุณชัยคร / SAMT,5107174
30/04/2009,09.00-16.00,"พรบ.กองทุนเงินทดแทน(เจ็บป่วยในการทำงาน),พรบ.กองทุนประกันสังคม",สนง.ประกันสังคม,5107174
14/03/2010,17.00-19.00,Skill Test 2010,SAMT,5107174
25/03/2011,17.00-19.00,Skill Test 2011,SAMT,5107174
16/03/2012,17.00-19.00,Skill Test 2012,SAMT,5107174
16/03/2013,17.00-19.00,Skill Test 2013,SAMT,5107174
20/11/2014,08.00-16.00,ความปลอดภัยในการทำงานเบื้องต้น 5ส.,Employer organization,5107174
4-7/10/2022,09.00-16.00,TopSolid CAD,Topsolid,5107174
29/01/2022,13.00-16.00,การชุบแข็ง,Daido,5107174
17/04/2009,09.00-10.00,ยื่นแบบผู้มีเงินได้   ภงด.91,คุณยาจิต / SAMT,511178
18/04/2009,14.30-16.00,MIND MAP,คุณเทพฤทธิ์ / SAMT,511178
24/04/2009,09.00-11.00,การเพิ่มผลผลิตโดย 5ส.,คุณวันชัย / SAMT,511178
28/04/2009,09.30-11.30,วิธีการอ่าน DRAWING,คุณชัยคร / SAMT,511178
30/04/2009,09.00-16.00,"พรบ.กองทุนเงินทดแทน(เจ็บป่วยในการทำงาน),พรบ.กองทุนประกันสังคม",สนง.ประกันสังคม,511178
14/03/2010,17.00-19.00,Skill Test 2010,SAMT,511178
25/03/2011,17.00-19.00,Skill Test 2011,SAMT,511178
16/03/2012,17.00-19.00,Skill Test 2012,SAMT,511178
16/03/2013,17.00-19.00,Skill Test 2013,SAMT,511178
24/10/2015,08-00-16.00,อบรมดับเพลิงเบื้องต้น อพยพหนีไฟ,เทศบาล,511178
11-14/01/2021,08.00-16.00,TopSolid (Course#2),TopSolid,511178
25-28/01/2021,08.00-16.00,TopSolid (Course#1),TopSolid,511178
13-14/07/2021,09.00-16.00,"TopSolid7 Surface(Online)ต่อเนื่องจาก #1,#2",TopSolid,511178
29/01/2022,13.00-16.00,การชุบแข็ง,Daido,511178
7/10/2022,09.00-16.00,อบรมดับเพลิง อพยพหนีไฟ,เทศบาล,511178
'16/03/2012,17.00-19.00,Skill Test 2012,SAMT,5303181
30/04-30/06/2022,10.00-10.45,ความรู้เกี่ยวกับ Drawing,Okuri,5303181
16/03/2013,17.00-19.00,Skill Test 2013,SAMT,5303181
14/03/2019,13.00-17.00,Cad Meiter V13.1,Cad Meiter,5303181
24-25/02/2020,09.00-16.00,Dr.Kotei Program,CIM,5303181
11-14/01/2021,08.00-16.00,TopSolid (Course#2),TopSolid,5303181
25-28/01/2021,08.00-16.00,TopSolid (Course#1),TopSolid,5303181
29/01/2022,13.00-16.00,การชุบแข็ง,Daido,5303181
'16/03/2012,17.00-19.00,Skill Test 2012,SAMT,5303180
16/03/2013,17.00-19.00,Skill Test 2013,SAMT,5303180
24/10/2015,08.00-16.00,อบรมดับเพลิงเบื้องต้น อพยพหนีไฟ,เทศบาล,5303180
13-14/07/2021,09.00-16.00,TopSolid7 Surface(Online),TopSolid,5303180
17-20/01/2022,09.00-16.00,TopSolid7 Cad,TopSolid,5303180
7/10/2022,09.00-16.00,อบรมดับเพลิง อพยพหนีไฟ,เทศบาล,5303180
4/12/2013,08.00-16.00,อบรมดับเพลิง และอพยพหนีไฟ ,เทศบาล,5608269
17-20/01/2022,09.00-16.00,TopSolid CAD7,ToSolid,5608269
11/20/2014,08.00-16.00,ความรู้เรื่องความปลอดภัยในการทำงานเบื้องต้น 5ห.,Employer organization,4902133
24-25/02/2020,09.00-16.00,Dr.Kotei Program,CIM,4902133
1/9/2018,08.00-12.00,ปฐมนิเทศระเบียบบริษัท,ฝ่ายบุคคล,6109361
1/9/2018,08.00-12.00,ระบบ ISO 9001:2015,QMR,6109361
1/09/-28/12/2018,08.00-17.00,"CAD: Torerance, F/N : Meaning of mould parts, Assy and reassy' mould, MC : Lay out, QC : Parts Inspection, Manual Check Formax, CAD : Data Sheet, Process, NC Sheet, Work NC",Leader,6109361
16/10/2018,13.00-17.00,อบรมดับเพลิง และอพยพหนีไฟ,เทศบาล,6109361
7-10/02/2022,09.00-16.00,TopSolid 7 CAD,TopSold,6109361
3/10/2019,08.00-12.00,ปฐมนิเทศระเบียบบริษัท,ฝ่ายบุคคล,6210386
3/10/2019,08.00-12.00,ระบบ ISO 9001:2015,QMR,6210386
3/10/2019-29/01/2019,08.00-17.00,"CAD: Space-E Program, Learning CAD Maiter Sofware, MC: Learning of MC, FN: Learning of ASSY","Leader,Anon,Mr.Wongthawat",6210386
26/10/2019,09.00-16.00,อบรมดับเพลิง และอพยพหนีไฟ,เทศบาล,6210386
22-25/08/2022,09.00-16.00,TopSolid 7 CAD,TopSold,6210386
7/10/2022,09.00-16.00,อบรมดับเพลิง และอพยพหนีไฟ,เทศบาล,6210386
1/8/2019,08.00-12.00,ปฐมนิเทศระเบียบบริษัท,ฝ่ายบุคคล,6208381
1/8/2019,08.00-12.00,ระบบ ISO 9001:2015,QMR,6208381
01/08/2019-27/11/2019,08.00- 17.00,"CAD:ISO ข้อกำหนดในการทำงาน กระบวนการทำงาน ความรู้เรื่องเครื่องฉีด,พื้นฐานการใช้โปรแกรม Cadmeister,เรียนรู้การทำ 3D Model ขั้นพื้นฐาน,เรียนรู้การทำ 2D Design ขั้นพื้นฐาน, FN:เรียนรู้ชิ้นส่วนและการประกอบแม่พิมพ์, MC:เรียนรู้การ Lay out, QC:เรียนรู้การวัดชิ้นงาน ขั้นพื้นฐาน","Leader,Anon,Mr.Wongthawat",6208381
26/10/2019,09.00-16.00,อบรมดับเพลิง และอพยพหนีไฟ,เทศบาล,6208381
17-20/01/2022,09.00-16.00,TopSolid 7 CAD,TopSold,6208381
28-31/03/2022,09.00-16.00,TopSolid 7 CAD (Mould),TopSold,6208381
29/01/2022,13.00-16.00,การชุบแข็ง,Daido,6208381
3/6/2020,08.00-12.00,ปฐมนิเทศระเบียบบริษัท,ฝ่ายบุคคล,6303390
3/6/2020,08.00-12.00,ระบบ ISO 9001:2015,QMR,6303390
16/03-12/07/20,08.00- 17.00,"CAD:Working Struture,ISO System,CAD Maiter Solf ware,3D Model Program,CAM Solf ware, QC:การวัดงานพื้นฐาน, MC:เรียนรู้งาน Lay out, FN:เรียนรู้การประกอบแม่พิมพ์",Leader,6303390
23/10/2020,09.00-16.00,อบรมดับเพลิง และอพยพหนีไฟ,เทศบาล,6303390
7-10/02/2022,09.00-16.00,TopSolid 7 CAD,TopSold,6303390
28-31/03/2022,09.00-16.00,TopSolid 7 CAD (Mould),TopSold,6303390
29/01/2022,13.00-16.00,การชุบแข็ง,Daido,6303390
