﻿04/05/2005,09.30-11.30,วิธีการใช้เครื่องมือวัดอย่างถูกต้องและวิธีการบำรุงรักษาเบื้องต้น,MITUTOYO,4606097
Mar 2005,17.00-19.00,สอบประจำปี (SKILL TEST 2005 ),,4606097
Mar 2006,17.00-19.00,สอบประจำปี (SKILL TEST 2006 ),,4606097
Mar 2007,17.00-19.00,สอบประจำปี (SKILL TEST 2007 ),,4606097
15/03/2008,17.00-19.00,สอบประจำปี (SKILL TEST 2008 ),,4606097
14/03/2008,17.00-19.00,สอบประจำปี (SKILL TEST 2009 ),,4606097
17/04/2009,09.00-10.00,ยื่นแบบผู้มีเงินได้   ภงด.91,คุณยาจิต / SAMT,4606097
10/04/2009,09.30-11.30,ISO 9001:2000,คุณอัญชนา,4606097
17/04/2009,09.00-10.00,ยื่นแบบผู้มีเงินได้   ภงด.91,คุณยาจิต / SAMT,4606097
20/04/2009,10.00-11.00,วิธีการใช้เครนอย่างถูกต้อง,"คุณทวี,คุณนิรัน",4606097
28/04/2009,09.30-11.30,วิธีการอ่าน DRAWING,คุณชัยคร / SAMT,4606097
30/04/2009,09.00-16.00,"พรบ.กองทุนเงินทดแทน(เจ็บป่วยในการทำงาน),พรบ.กองทุนประกันสังคม",สนง.ประกันสังคม,4606097
14/03/2010,17.00-19.00,Skill Test 2010,SAMT,4606097
25/03/2011,17.00-19.00,Skill Test 2011,SAMT,4606097
13/07/2011,09.00-12.00,การใช้เครน และรอกอย่างถูกวิธี,Kito,4606097
16/03/2012,17.00-19.00,Skill Test 2012,SAMT,4606097
16/03/2013,17.00-19.00,Skill Test 2013,SAMT,4606097
20/11/2014,08.00-16.00,ความปลอดภัยในการทำงานเบื้องต้น 5ส.,Employer organization,4606097
14/10/2016,08.00-1700,การอบรมดับเพลิง อพยพหนีไฟ,เทศบาล,4606097
11/6/2019,13.00-17.00,Smart Manufacturing using Hexagon Solfware Product,Data Design,4606097
13/06/2019,10.00-15.00,Work NC Program,Data Design,4606097
4/12/2013,08.00-16.00,อบรมดับเพลิง อพยพหนีไฟ,เทศบาล,5602249
20/11/2014,08.00-16.00,ความปลอดภัยในการทำงานเบื้องต้น 5ส,Employer organiztion,5602249
18/12/2014,08.00-16.00,อบรมดับเพลิง อพยพหนีไฟ,เทศบาล,5602249
22/11/2016,09.00-16.00,Basic Drawing,Mr.Chaikorn,5602249
13/06/2019,10.00-15.00,Data Design,Data Design,5602249
3/16/2012,17.00-19.00,Skill Test 2012,SAMT,5307186
3/16/2013,17.00-19.00,Skill Test 2013,SAMT,5307186
20/11/2014,08.00-16.00,ความปลอดภัยในการทำงานเบื้องต้น 5ส.,Employer Organization,5307186
21/03/2019,08.30-17.00,Marking quality drive productivity,Hxgnlocal,5307186
13/06/2019,10.00-15.00,Work NC Program,Data Desing,5307186
26/10/2019,09.00-16.00,อบรมดับเพลิง อพยพหนีไฟ,เทศบาลหนองปรือ,5307186
8-11/002/2021,08.00-16.00,TopSolid  ,TopSolid,5307186
22/01/2008,09.30-11.30,วิธีการใช้เครื่องมือวัดอย่างถูกต้องและวิธีการบำรุงรักษาเบื้องต้น,MITUTOYO,4804123
Mar 2007,17.00-19.00,สอบประจำปี (SKILL TEST 2007 ),,4804123
15/03/2008,17.00-19.00,สอบประจำปี (SKILL TEST 2008 ),,4804123
22/01/2008,10.00-12.00,วิธีการทำ Model Graphite และโปรแกรมเดิน NC Graphite (สำหรับงาน SHIPPO),"MR.MIZUTANI,MR. A.MATSUOKA",4804123
14/03/2009,17.00-19.00,สอบประจำปี (SKILL TEST 2009 ),,4804123
31/03/2009,13.00-14.30,TRAINNING หลัง TEST 2009  (CAM KNOWLEDGE),MR.MIZUTANI,4804123
18/04/2009,14.30-16.00,SAFETY  ความปลอดภัยในการทำงาน,คุณธนบดี / SAMT,4804123
24/04/2009,09.30-11.00,การเพิ่มผลผลิตโดย 5ส.,คุณวันชัย / SAMT,4804123
30/04/2009,09.00-16.00,"พรบ.กองทุนเงินทดแทน(เจ็บป่วยในการทำงาน),พรบ.กองทุนประกันสังคม",สนง.ประกันสังคม,4804123
14/05/2009,13.00-13.40,COLOR CHECK,คุณสุทิน / SAMT,4804123
14/05/2009,13.40-14.00,เช็คความแข็ง,คุณสุรัช / SAMT,4804123
14/03/2010,17.00-19.00,Skill Test 2010,SAMT,4804123
25/03/2011,17.00-19.00,Skill Test 2011,SAMT,4804123
16/03/2012,17.00-19.00,Skill Test 2012,SAMT,4804123
16/03/2013,17.00-19.00,Skill Test 2013,SAMT,4804123
20/11/2014,08.00-16.00,ความปลอดภัยในการทำงานเบื้องต้น 5ส.,Employer organization,4804123
24/10/2015,08.00-16.00,อบรมดับเพลิง อพยพหนีไฟ,เทศบาล,4804123
13/06/2019,10.00-15.00,Work NC Program,Data design,4804123
26/10/2019,10.30-16.00,อบรมดับเพลิง อพยพหนีไฟ,เทศบาล,4804123
7/10/2022,10.30-16.00,อบรมดับเพลิง อพยพหนีไฟ,เทศบาล,4804123
19/03/2018,08.00 - 11.45,กฎระเบียบของบริษัทฯ ,ฝ่ายบุคคล,6103347
19-20/03/18,08.00-16.40,CAM-Orientation Ojt,Mr.Pamonrut,6103347
21-28/03/18,08.00-16.40,"FN-Meaning of mould parts, Assy and Re-Assy' mould",Mr.Wongthawat,6103347
29/03-05/04/18,08.00-16.40,"Lay Out-Observe and Operate sall parts/Tool Setting, Tool preseter",Mr.Anon,6103347
06-11/04/18,08.00-16.40,"QC-Parts Inspection, Manual Check",Mr.Niran,6103347
17/04-15/07/18,08.0 - 16.40,"CAM-Data Sheet Process, NC Sheet",Mr.Pamonrut,6103347
6/10/2018,13.00-17.00,อบรมดับเพลิง และอพยพหนีไฟ,เทศบาล,6103347
11/6/2019,13.00-17.00,Smart Manufacturing Using Hexagon Solfware Process,Data Design,6103347
13/06/2019,10.00-15.00,Work NC Program,Data Design,6103347
22/01/2008,17.00-19.00,สอบประจำปี (SKILL TEST 2007 ),,4804124
15/03/2008,17.00-19.00,สอบประจำปี (SKILL TEST 2008 ),,4804124
22/01/2008,10.00-12.00,วิธีการทำ Model Graphite และโปรแกรมเดิน NC Graphite (สำหรับงาน SHIPPO),"MR.MIZUTANI,MR. A.MATSUOKA",4804124
14/03/2009,17.00-19.00,สอบประจำปี (SKILL TEST 2009 ),,4804124
31/03/2009,13.00-14.30,TRAINNING หลัง TEST 2009  (CAM KNOWLEDGE),MR.MIZUTANI,4804124
10/04/2009,09.30-11.30,ISO 9001:2000,คุณอัญชนา,4804124
'17/04/2009,09.00-10.00,ยื่นแบบผู้มีเงินได้   ภงด.91,คุณยาจิต / SAMT,4804124
18/04/2009,14.30-16.00,MIND MAP,คุณเทพฤทธิ์ / SAMT,4804124
18/04/2009,14.30-16.00,SAFETY  ความปลอดภัยในการทำงาน,คุณธนบดี / SAMT,4804124
24/04/2009,09.30-11.00,การเพิ่มผลผลิตโดย 5ส.,คุณวันชัย / SAMT,4804124
28/04/2009,09.30-11.30,วิธีการอ่าน DRAWING,คุณชัยคร / SAMT,4804124
14/05/2009,13.00-13.40,COLOR CHECK,คุณสุทิน / SAMT,4804124
14/05/2009,13.40-14.00,เช็คความแข็ง,คุณสุรัช / SAMT,4804124
14/03/2010,17.00-19.00,Skill Test 2010,SAMT,4804124
25/03/2011,17.00-19.00,Skill Test 2011,SAMT,4804124
16/03/2012,17.00-19.00,Skill Test 2012,SAMT,4804124
16/03/2013,17.00-19.00,Skill Test 2013,SAMT,4804124
26/11/2013,13.00-17.00,Work NC Version V22,Data Design,4804124
21/11/2014,13.00-18.30,Work NC Version V23,Data Design,4804124
31/03/2017,08.00-17.00,ISO 9001:2015,JQA,4804124
23-24/05/2018,08.00-17.00,จป.ระดับหัวหน้างาน,ปิ่นทอง,4804124
17/07/2019,09.00-17.00,พัฒนาทักษะหัวหน้างานบริหารอย่างไรให้ได้ใจจากลูกน้อง,HPN,4804124
8-11/02/21,08.00-16.00,TopSolid (Course#2) ต่อเนื่องจาก Courseแรก,TopSolid,4804124
7/5/2022,08.30-16.00,พรบ.คุ้มครองข้อมูลส่วนข้อมูลส่วนบุคคล พศ.2562,สภาองค์กรนายจ้าง,4804124
,,,,
,,,,
,,,,
,,,,
,,,,
,,,,
,,,,
,,,,
,,,,
,,,,
,,,,
,,,,
,,,,
,,,,
,,,,
,,,,
,,,,
,,,,
,,,,
,,,,
,,,,
,,,,
,,,,
,,,,
,,,,
,,,,
,,,,
,,,,
,,,,
,,,,
,,,,
,,,,
,,,,
,,,,
,,,,
,,,,
,,,,
,,,,
,,,,
,,,,
,,,,
,,,,
,,,,
,,,,
,,,,
,,,,
,,,,
,,,,
,,,,
,,,,
,,,,
,,,,
,,,,
,,,,
,,,,
,,,,
,,,,
,,,,
,,,,
,,,,
,,,,
,,,,
,,,,
,,,,
,,,,
,,,,
,,,,
,,,,
,,,,
,,,,
,,,,
,,,,
,,,,
,,,,
,,,,
,,,,
,,,,
,,,,
,,,,
,,,,
,,,,
,,,,
,,,,
,,,,
,,,,
,,,,
,,,,
,,,,
,,,,
,,,,
,,,,
,,,,
,,,,
,,,,
,,,,
,,,,
,,,,
,,,,
,,,,
,,,,
,,,,
,,,,
,,,,
,,,,
,,,,
,,,,
,,,,
,,,,
,,,,
,,,,
,,,,
,,,,
,,,,
,,,,
,,,,
,,,,
,,,,
,,,,
,,,,
,,,,
,,,,
,,,,
,,,,
,,,,
,,,,
,,,,
,,,,
,,,,
,,,,
,,,,
,,,,
,,,,
,,,,
,,,,
,,,,
,,,,
,,,,
,,,,
,,,,
,,,,
,,,,
,,,,
,,,,
,,,,
,,,,
,,,,
,,,,
,,,,
,,,,
,,,,
,,,,
,,,,
,,,,
,,,,
,,,,
,,,,
,,,,
,,,,
,,,,
,,,,
,,,,
,,,,
,,,,
,,,,
,,,,
,,,,
,,,,
,,,,
,,,,
,,,,
,,,,
,,,,
,,,,
,,,,
,,,,
,,,,
,,,,
,,,,
,,,,
,,,,
,,,,
,,,,
,,,,
,,,,
,,,,
,,,,
,,,,
,,,,
,,,,
,,,,
,,,,
,,,,
,,,,
,,,,
,,,,
,,,,
,,,,
,,,,
,,,,
,,,,
,,,,
,,,,
,,,,
,,,,
,,,,
,,,,
,,,,
,,,,
,,,,
,,,,
,,,,
,,,,
,,,,
,,,,
,,,,
,,,,
,,,,
,,,,
,,,,
,,,,
,,,,
,,,,
,,,,
,,,,
,,,,
,,,,
,,,,
,,,,
,,,,
,,,,
,,,,
,,,,
,,,,
,,,,
,,,,
,,,,
,,,,
,,,,
,,,,
,,,,
,,,,
,,,,
,,,,
,,,,
,,,,
,,,,
,,,,
,,,,
,,,,
,,,,
,,,,
,,,,
,,,,
,,,,
,,,,
,,,,
,,,,
,,,,
,,,,
,,,,
,,,,
,,,,
,,,,
,,,,
,,,,
,,,,
,,,,
,,,,
,,,,
,,,,
,,,,
,,,,
,,,,
,,,,
,,,,
,,,,
,,,,
,,,,
,,,,
,,,,
,,,,
,,,,
,,,,
,,,,
,,,,
,,,,
,,,,
,,,,
,,,,
,,,,
,,,,
,,,,
,,,,
,,,,
,,,,
,,,,
,,,,
,,,,
,,,,
,,,,
,,,,
,,,,
,,,,
,,,,
,,,,
,,,,
,,,,
,,,,
,,,,
,,,,
,,,,
,,,,
,,,,
,,,,
,,,,
,,,,
,,,,
,,,,
,,,,
,,,,
,,,,
,,,,
,,,,
,,,,
,,,,
,,,,
,,,,
,,,,
,,,,
,,,,
,,,,
,,,,
,,,,
,,,,
,,,,
,,,,
,,,,
,,,,
,,,,
,,,,
,,,,
,,,,
,,,,
,,,,
,,,,
,,,,
,,,,
,,,,
,,,,
,,,,
,,,,
,,,,
,,,,
,,,,
,,,,
,,,,
,,,,
,,,,
,,,,
,,,,
,,,,
,,,,
,,,,
,,,,
,,,,
,,,,
,,,,
,,,,
,,,,
,,,,
,,,,
,,,,
,,,,
,,,,
,,,,
,,,,
,,,,
,,,,
,,,,
,,,,
,,,,
,,,,
,,,,
,,,,
,,,,
,,,,
,,,,
,,,,
,,,,
,,,,
,,,,
,,,,
,,,,
,,,,
,,,,
,,,,
,,,,
,,,,
,,,,
,,,,
,,,,
,,,,
,,,,
,,,,
,,,,
,,,,
,,,,
,,,,
,,,,
,,,,
,,,,
,,,,
,,,,
,,,,
,,,,
,,,,
,,,,
,,,,
,,,,
,,,,
,,,,
,,,,
,,,,
,,,,
,,,,
,,,,
,,,,
,,,,
,,,,
,,,,
,,,,
,,,,
,,,,
,,,,
,,,,
,,,,
,,,,
,,,,
,,,,
,,,,
,,,,
,,,,
,,,,
,,,,
,,,,
,,,,
,,,,
,,,,
,,,,
,,,,
,,,,
,,,,
,,,,
,,,,
,,,,
,,,,
,,,,
,,,,
,,,,
,,,,
,,,,
,,,,
,,,,
,,,,
,,,,
,,,,
,,,,
,,,,
,,,,
,,,,
,,,,
,,,,
,,,,
,,,,
,,,,
,,,,
,,,,
,,,,
,,,,
,,,,
,,,,
,,,,
,,,,
,,,,
,,,,
,,,,
,,,,
,,,,
,,,,
,,,,
,,,,
,,,,
,,,,
,,,,
,,,,
,,,,
,,,,
,,,,
,,,,
,,,,
,,,,
,,,,
,,,,
,,,,
,,,,
,,,,
,,,,
,,,,
,,,,
,,,,
,,,,
,,,,
,,,,
,,,,
,,,,
,,,,
,,,,
,,,,
,,,,
,,,,
,,,,
,,,,
,,,,
,,,,
,,,,
,,,,
,,,,
,,,,
,,,,
,,,,
,,,,
,,,,
,,,,
,,,,
,,,,
,,,,
,,,,
,,,,
,,,,
,,,,
,,,,
,,,,
,,,,
,,,,
,,,,
,,,,
,,,,
,,,,
,,,,
,,,,
,,,,
,,,,
,,,,
,,,,
,,,,
,,,,
,,,,
,,,,
,,,,
,,,,
,,,,
,,,,
,,,,
,,,,
,,,,
,,,,
,,,,
,,,,
,,,,
,,,,
,,,,
,,,,
,,,,
,,,,
,,,,
,,,,
,,,,
,,,,
,,,,
,,,,
,,,,
,,,,
,,,,
,,,,
,,,,
,,,,
,,,,
,,,,
,,,,
,,,,
,,,,
,,,,
,,,,
,,,,
,,,,
,,,,
,,,,
,,,,
,,,,
,,,,
,,,,
,,,,
,,,,
,,,,
,,,,
,,,,
,,,,
,,,,
,,,,
,,,,
,,,,
,,,,
,,,,
,,,,
,,,,
,,,,
,,,,
,,,,
,,,,
,,,,
,,,,
,,,,
,,,,
,,,,
,,,,
,,,,
,,,,
,,,,
,,,,
,,,,
,,,,
,,,,
,,,,
,,,,
,,,,
,,,,
,,,,
,,,,
,,,,
,,,,
,,,,
,,,,
,,,,
,,,,
,,,,
,,,,
,,,,
,,,,
,,,,
,,,,
,,,,
,,,,
,,,,
,,,,
,,,,
,,,,
,,,,
,,,,
,,,,
,,,,
,,,,
,,,,
,,,,
,,,,
,,,,
,,,,
,,,,
,,,,
,,,,
,,,,
,,,,
,,,,
,,,,
,,,,
,,,,
,,,,
,,,,
,,,,
,,,,
,,,,
,,,,
,,,,
,,,,
,,,,
,,,,
,,,,
,,,,
,,,,
,,,,
,,,,
,,,,
,,,,
,,,,
,,,,
,,,,
,,,,
,,,,
,,,,
,,,,
,,,,
,,,,
,,,,
,,,,
,,,,
,,,,
,,,,
,,,,
,,,,
,,,,
,,,,
,,,,
,,,,
,,,,
,,,,
,,,,
,,,,
,,,,
,,,,
,,,,
,,,,
,,,,
,,,,
,,,,
,,,,
,,,,
,,,,
,,,,
,,,,
,,,,
,,,,
,,,,
,,,,
,,,,
,,,,
,,,,
,,,,
,,,,
,,,,
,,,,
,,,,
,,,,
,,,,
,,,,
,,,,
,,,,
,,,,
,,,,
,,,,
,,,,
,,,,
,,,,
,,,,
,,,,
,,,,
,,,,
,,,,
,,,,
,,,,
,,,,
,,,,
,,,,
,,,,
,,,,
,,,,
,,,,
,,,,
,,,,
,,,,
,,,,
,,,,
,,,,
,,,,
,,,,
,,,,
,,,,
,,,,
,,,,
,,,,
,,,,
,,,,
,,,,
,,,,
,,,,
,,,,
,,,,
,,,,
,,,,
,,,,
,,,,
,,,,
,,,,
,,,,
,,,,
,,,,
,,,,
,,,,
,,,,
,,,,
,,,,
,,,,
,,,,
,,,,
,,,,
,,,,
,,,,
,,,,
,,,,
,,,,
,,,,
,,,,
,,,,
,,,,
,,,,
,,,,
,,,,
,,,,
,,,,
,,,,
,,,,
,,,,
,,,,
,,,,
,,,,
,,,,
,,,,
,,,,
,,,,
,,,,
,,,,
,,,,
,,,,
,,,,
,,,,
,,,,
,,,,
,,,,
,,,,
,,,,
,,,,
,,,,
,,,,
,,,,
,,,,
,,,,
,,,,
,,,,
,,,,
,,,,
,,,,
,,,,
,,,,
,,,,
,,,,
,,,,
,,,,
,,,,
,,,,
,,,,
,,,,
,,,,
,,,,
,,,,
,,,,
,,,,
,,,,
,,,,
,,,,
,,,,
,,,,
,,,,
,,,,
,,,,
,,,,
,,,,
,,,,
,,,,
,,,,
,,,,
,,,,
,,,,
,,,,
,,,,
,,,,
,,,,
,,,,
,,,,
,,,,
,,,,
,,,,
,,,,
,,,,
,,,,
,,,,
,,,,
,,,,
,,,,
,,,,
,,,,
,,,,
,,,,
,,,,
,,,,
,,,,
,,,,
,,,,
,,,,
,,,,
,,,,
,,,,
,,,,
,,,,
,,,,
,,,,
,,,,
,,,,
,,,,
,,,,
,,,,
,,,,
,,,,
,,,,
,,,,
,,,,
,,,,
,,,,
,,,,
,,,,
,,,,
,,,,
,,,,
,,,,
,,,,
,,,,
,,,,
,,,,
,,,,
,,,,
,,,,
,,,,
