﻿4/10/2013,09.30-17.00 น.,หัวหน้างานยุคใหม่บริหารอย่างไรให้ได้ทั้งใจ และงานจากลูกน้อง,HPN,5603257
19-20/08/2013,08.00-16.00,คปอ.คณะกรรมการความปลอดภัยในสถานประกอบการ,Employer organizttion,5603257
4/12/2013,08.00-16.00,การอบรมดับเพลิงเบื้องต้น อพยพหนีไฟ,เทศบาล,5603257
20/11/2014,08.00-16.00,ความปลอดภัยในการทำงานเบื้องต้น 5ส.,Employer organizttion,5603257
18/12/2014,08.00-16.00,การอบรมดับเพลิงเบื้องต้น อพยพหนีไฟ,เทศบาล,5603257
24/10/2015,08.00-16.00,การอบรมดับเพลิงเบื้องต้น อพยพหนีไฟ,เทศบาล,5603257
16/03/2015,08.00-16.00,การเชื่อม,K.Sarawut(Leader),5603257
"3,10/11/2015",08.00-16.00,ผู้ปฏิบัติหน้าที่เกี่ยวกับปั้นจั่น,Kito,5603257
31/03/2017,08.00-16.00,ISO 9001:2015,JQA,5603257
26/10/2019,09.00-10.00,CPR การปฐมพยาบาลเบื้องต้น,เทศบาล,5603257
15/06/2020,08.00-12.45,ทบทวนการใช้เครน,Kito,5603257
29/08/2020,08.00-16.00,หัวหน้างานยุคใหม่บริหารอย่างไรให้ได้ทั้งใจ และงานจากลูกน้อง,HPN,5603257
29/01/2022,13.00-16.00,การชุบแข็ง,Daido,5603257
7/5/2022,08.30-16.00,พรบ.คุ้มครองข้อมูลส่วนบุคคล พศ.2562,สภาองค์กรนายจ้าง,5603257
21/07/2022,09.00-16.00,ทบทวนการใช้เครน,Kito,5603257
04/05/2005,09.30-11.30,วิธีการใช้เครื่องมือวัดอย่างถูกต้องและวิธีการบำรุงรักษาเบื้องต้น ,MITUTOYO,4108024
Mar 2005,17.00-19.00,สอบประจำปี (SKILL TEST 2005 ),,4108024
Mar 2006,17.00-19.00,สอบประจำปี (SKILL TEST 2006 ),,4108024
Mar 2007,17.00-19.00,สอบประจำปี (SKILL TEST 2007 ),,4108024
15/03/2008,17.00-19.00,สอบประจำปี (SKILL TEST 2008 ),,4108024
09/07/2008,17.00-19.00,อบรบและสอนวิธีการทำข้อสอบ,MR.KANOH,4108024
14/03/2009,17.00-19.00,สอบประจำปี (SKILL TEST 2009 ),,4108024
20/04/2009,10.00-11.00,วิธีการใช้เครนอย่างถูกต้อง,"คุณทวี,คุณนิรัน",4108024
30/04/2009,09.00-16.00,"พรบ.กองทุนเงินทดแทน(เจ็บป่วยในการทำงาน),พรบ.กองทุนประกันสังคม",สนง.ประกันสังคม,4108024
19-22/10/2009,08.00-16.40,การเชื่อม,ศูนย์วิจัยวิศวกรรม(มจธ),4108024
14/03/2010,17.00-19.00,Skill Test 2010,SAMT,4108024
25/03/2011,17.00-19.00,Skill Test 2011,SAMT,4108024
16/03/2012,17.00-19.00,Skill Test 2012,SAMT,4108024
7-8/12/2012,08.00-16.00,การใช้เครนอย่างถูกต้อง,Kito,4108024
16/03/2013,08.00-16.00,Skill Test 2013,SAMT,4108024
21/11/2014,08.00-16.00,ความปลอดภัยในการทำงานเบื้องต้น 5ส.,Employer organization,4108024
24/10/2015,08.00-16.00,อบรมดับเพลิง อพยพหนีไฟ,เทศบาล,4108024
2/12/2015,08.00-16.00,ผู้ปฏิบัติหน้าที่เกี่ยวกับปั้นจั่น (ทบทวน),Kito,4108024
15/06/2020,08.00-12.45,ทบทวนการใช้เครน,Kito,4108024
21/07/2022,09.00-16.00,ทบทวนการใช้เครน,Kito,4108024
Mar 2005,,สอบประจำปี (SKILL TEST 2005 ),,4606098
Mar 2006,,สอบประจำปี (SKILL TEST 2006 ),,4606098
Mar 2007,,สอบประจำปี (SKILL TEST 2007),,4606098
15/03/2008,17.00-19.00,สอบประจำปี (SKILL TEST 2008 ),,4606098
09/07/2008,17.00-19.00,อบรบและสอนวิธีการทำข้อสอบ,MR.KANOH,4606098
14/03/2009,17.00-19.00,สอบประจำปี (SKILL TEST 2009 ),,4606098
20/04/2009,10.00-11.00,วิธีการใช้เครนอย่างถูกต้อง,"คุณทวี,คุณนิรัน",4606098
30/04/2009,09.00-16.00,"พรบ.กองทุนเงินทดแทน(เจ็บป่วยในการทำงาน),พรบ.กองทุนประกันสังคม",สนง.ประกันสังคม,4606098
19-22/06/2009,08.00-16.40,การเชื่อม,ศูนย์วิจัยบริหารวิศวกรรม(มวธ),4606098
14/03/2010,17.00-19.00,Skill Test 2010,SAMT,4606098
25/03/2011,17.00-19.00,Skill Test 2011,SAMT,4606098
16/03/2012,17.00-19.00,Skill Test 2012,SAMT,4606098
7-8/12/2012,08.00-16.00,การใช้เครนอย่างถูกวิธี,Kito,4606098
16/03/2013,17.00-19.00,Skill Test 2013,SAMT,4606098
1/12/2015,08.00-16.00,ผู้ปฏิบัติหน้าที่เกี่ยวกับปั้นจั่น (ทบทวน),Kito,4606098
9/6/2020,08.00-12.45,ทบทวนการใช้เครน,Kito,4606098
30/06/2022,09.00-16.00,ทบทวนการใช้เครน,Kito,4606098
04/05/2005,09.30-11.30,วิธีการใช้เครื่องมือวัดอย่างถูกต้องและวิธีการบำรุงรักษาเบื้องต้น,MITUTOYO,3904011
Mar 2007,,สอบประจำปี (SKILL TEST 2007),,3904011
14/03/2009,17.00-19.00,สอบประจำปี (SKILL TEST 2009 ),,3904011
30/04/2009,09.00-16.00,"พรบ.กองทุนเงินทดแทน(เจ็บป่วยในการทำงาน),พรบ.กองทุนประกันสังคม",สนง.ประกันสังคม,3904011
14/03/2010,17.00-19.00,Skill Test 2010,SAMT,3904011
25/03/2011,17.00-19.00,Skill Test 2011,SAMT,3904011
16/03/2012,17.00-19.00,Skill Test 2012,SAMT,3904011
9-10/11/2012,08.00-16.00,การใช้เครนอย่างถูกต้อง,kito,3904011
16/03/2013,17.00-19.00,Skill Test 2013,SAMT,3904011
2/12/2015,08.00-16.00,ผุ้ปฏิบัติหน้าที่เกี่ยวกับปั้นจั่น (ทบทวน),kito,3904011
26/10/2019,10.30-16.00,อบรมดับเพลิง และอพยพหนีไฟ,เทศบาล,3904011
09/06/2020,08.00-12.45,ทบทวนการใช้เครน,kito,3904011
30/06/2022,09.00-16.00,ทบทวนการใช้เครน,kito,3904011
07/10/2022,09.00-16.00,อบรมดับเพลิง และอพยพหนีไฟ,เทศบาล,3904011
9/19/2016,08.00-11.45,"แนะนำบริษัทฯ, ระบบ ISO, กฎระเบียบบริษัทฯ",ฝ่ายบุคคล,5909317
19/09/2016-30/11/2016,08.00-11.46,"F/N: Learning about the process of polishing , Learning about work instraction of polishing, Learning part name of assembly, Check and follow assembly part at store",Leader,5909317
10/14/2016,09.00-16.00,การอบรมดับเพลิง ซ้อมอพยพหนีไฟ,เทศบาลเมืองสมุทรปราการ,5909317
22/10/2016,09.00-16.00,Basic Drawing,K.Chaikorn,5909317
8/2/2018,08.00-16.00,ผู้บังคับปั้นจั่น ผู้ให้สัญญาณ ผู้ยึดเกาะวัสดุ,Kito,5909317
15/06/2020,08.00-12.45,ทบทวนการใช้เครน,Kito,5909317
30/06/2022,09.00-16.00,ทบทวนการใช้เครน,Kito,5909317
5/16/2017,08.00-11.45,"แนะนำบริษัทฯ, ระบบ ISO, กฎระเบียบบริษัทฯ",ฝ่ายบุคคล,6005323
16/05 - 11/09/2017,08.00-11.46,"F/N: Basic part of moulds, Assembly, Take off Moulds,Check part of Moulds,Moulds Polishing,Fitting, Sporting of Moulds,Basic welding",Leader,6005323
6-7/09/2017,09.00-16.00,คปอ. คณะกรรมการความปลอดภัย ในสถานประกอบกิจการ,ปิ่นทอง,6005323
8/2/2018,09.00-16.00,ผู้บังคับปั้นจั่น ผู้ให้สัญญาณ ผู้ยึดเกาะวัสดุ,kito,6005323
26/10/2019,09.00-16.00,อบรมดับเพลิง อพยพหนีไฟ,เทศบาล,6005323
9/6/2020,08.00-12.45,ทบทวนการใช้เครน,kito,6005323
21/07/2022,09.00-16.00,ทบทวนการใช้เครน,kito,6005323
6/1/2017,08.00-11.45,"แนะนำบริษัทฯ, ระบบ ISO, กฎระเบียบบริษัทฯ",ฝ่ายบุคคล,6006326
01/06-27/09/2017,08.00-11.46,"F/N: Basic part of moulds, Assembly, Take off Moulds,Check part of Moulds,Moulds Polishing,Fitting, Sporting of Moulds,Basic welding",Leader,6006326
"3/10,06/11/2018",08.30-16.00,ผู้ปฏิบัติหน้าที่เกี่ยวกับปั้นจั่น,Kito,6006326
30/06/2022,08.00-16.00,ทบทวนการใช้เครน,Kito,6006326
16/1/2018,08.00-11.45,"แนะนำบริษัทฯ, ระบบ ISO, กฎระเบียบบริษัทฯ",ฝ่ายบุคคล,6101338
16/01-14/05/2018,08.00-11.46,"F/N: Basic part of moulds, Assembly, Take off Moulds,Check part of Moulds,Moulds Polishing,Fitting, Sporting of Moulds,Basic welding",Leader,6101338
6/10/2018,13.00-17.00,อบรมดับเพลิง และอพยพหนีไฟ,เทศบาล,6101338
9/6/2020,08.00-12.45,ทบทวนการใช้เครน,Kito,6101338
'21/07/2022,09.00-16.00,ทบทวนการใช้เครน,Kito,6101338
