﻿4602087,นายวิโรจน์,มะลิวรรณ์,VIROJ,MALIWAN,Management,24 Feb 03,22 Jun 03,11 Apr 77,3 3110 00109 35 8,สถาบันเทคโนโลยีราชมงคลภาคตะวันออกเฉียงเหนือ,Diploma,43 ม.5 ต.หนองคู อ.ลำปลายมาศ จ.บุรีรัมย์,081-2791251,KR,M,still working,superadmin
4606096,นายณรงค์,รสน้อย,NARONG,ROSNOY,MC,2 Jun 03,28 Sep 03,30 Apr 79,3 3106 00504 46 0,วิทยาลัยเทคนิคบุรีรัมย์,Diploma,8 ม.2 ต.หนองตระครอง อ.ละหานทราย จ.บุรีรัมย์,081-1028963,KR,M,still working,em
4708115,นายสุทิน,ศรีโสดา,SUTIN,SRISODA,QC,2 Aug 04,28 Nov 04,6 Jul 81,3 3301 00450 79 4,สถาบันเทคโนโลยีราชมงคล ธัญบุรี,Bachalors Degree,119 ม.1 ต.โพนขา อ.เมือง จ.ศรีสะเกษ,089-8159557,KR,M,still working,em
5604258,นางนันทิยา,วารินทร์,NANTIYA,WARIN,office ,22 Apr 13,18 Aug 13,24 Dec 77,3 3014 00195 09 0,สถาบันเทคโนโลยีการเกษตร ลาดกระบัง,Bachalors Degree,47/2  ม.7 ต.นกออก อ.ปักธงชัย จ.นครราชสีมา,081-8780032,KR,F,still working,em
5605259,นายธีรศักดิ์  ,อินทรกำแหง,THEERASAK,INTARAKAMHEANG,MC,2 May 13,28 Aug 13,8 Dec 90,1 3001 00117 56 8,วิทยาลัยเทคนิคนครราชสีมา,Diploma,112/8  ม.2  ต.หนองไผ่ล้อม อ.เมืองนครราชสีมา จ.นครราชสีมา,085-0150689,KR,M,still working,em
5606260,สงกรานต์,อิ่มสูงเนิน,SONGKRAN,IMSUNGNOEN,MC,10 Jun 13,6 Oct 13,13 Apr 81,3 3018 00489 14 7,เทคโนช่างกลพานิชยการณ,Diploma,147  ม.6 ต.เสมา อ.สูงเนิน จ.นครราชสีมา,088-4718283,KR,M,still working,em
5608267,ศิริพร,พืชโพธิ์งาม,SIRIPORN,PHUTPHONGAM,FN ,1 Aug 13,27 Nov 13,12 Apr 78,3 3019 00104 96 4,วิทยาลัยพาณิชยการราชดำเนิน,Diploma,159 ม.8 ต.โป้งแดง อ.ขามทะเลสอ จ.นครราชสีมา,080-7315669,KR,F,still working,em
5806294,สมเกียรติ,ซึมเมฆ,SOMKIAT,SUMMEK,QC,15 Jun 15,11 Oct 15,29 Nov 85,1 4711 00024 19 5,วิทยาลัยเทคนิคน้ำพอง,Diploma,29/3 ม.6 ต.จันอัด อ.โนนสูง จ.นครราชสีมา,082-7664194,KR,M,still working,em
5811304,วราพร,ตุลารัตน์เรืองนาม,WARAPORN,TULARATRUEANGNAM,Management,3 Nov 15,29 Feb 16,20 May 67,3 1009 01802 37 2,มหาวิทยาลัยเกษตรศาสตร์ ,Bachalors Degree,273/47 ตรอกวัดท่าตะโก ต.ในเมือง อ.เมืองนครราชสีมา จ.นครราชสีมา,089-8445720,KR,F,still working,superadmin
6006328,นายพสธร,สีทา,POTSATON,SEETA,FN,1 Jun 17,27 Sep 17,15 Oct 87,1 3109 00067 32 8,เทคโนโลยีภาคตะวันออก,Diploma,37 ม.2 ต.หนองแวง อ.บ้านใหม่ไชยพจน์ จ.บุรีรัมย์,093-5295046,KR,M,still working,em
6006329,นายมนตรี,โนนโพธิ์,MONTRI,NONPHO,MC,1 Jun 17,27 Sep 17,23 Mar 86,1 3001 00004 27 5,มหาวิทยาลัยราชภัฎ นครราชสีมา,Bachalors Degree,330/2 ม.5 ต.หนองจะบก อ.เมือง จ.นครราชสีมา,094-6577880,KR,M,still working,em
6102340,นายณัฐพงษ์,ทรายตะคุ,NATTAPONG,SAITAKHU,MC,5 Feb 18,3 Jun 18,19 Feb 94,1 3014 00185 08 0,วิทยาลัยเทคนิคปักธงชัย,vocation,135/1 ม.12 ต.ตะคุ อ.ปักธงชัย จ.นครราชสีมา,093-0324319,KR,M,still working,em
6102341,นายชูศักดิ์,มีริแวง,CHOOSAK,MEERIWAENG,MC,5 Feb 18,3 Jun 18,3 Apr 81,3 3109 00331 29 3,วิทยาลัยเทคนิคบุรีรัมย์,Diploma,201 ม.16 ต.กังแอน อ.ปราสาท จ.สุรินทร์,098-8729095,KR,M,still working,em
6103344,นายประทีป ,โพธิ์สูงเนิน,PRATEEP,POSUNGNOEN,MC,13 Mar 18,9 Jul 18,12 Feb 92,1 3018 00128 03 2,วิทยาลัยเทคโนโลยีช่างกลพณิชยการนครราชสีมา,Diploma,41/1 ม.4 ต.หนองตะไก้ อ.สูงเนิน จ.นครราชสีมา,062-7455363,KR,M,still working,em
6104351,นายทศพล,เสริฐสูงเนิน,TOTSAPON,SERTSONGNOEN,MC,2 Apr 18,29 Jul 18,22 May 93,1 3099 00916 66 8,วิทยาลัยเทคนิคนครราชสีมา,Diploma,12 ม.2 ต.ตะขบ อ.ปักธงชัย จ.นครราชสีมา,064-0817373,KR,M,still working,em
6105354,นายสมศักดิ์,ชื่นชู,SOMSAK,CHUENCHU,QC,16 May 18,11 Sep 18,11 Mar 92,1 3017 00197 65 2,วิทยาลัยเทคนิคนครราชสีมา,Diploma,68 ม.11 ต.โนนตุม อ.ชุมพวง จ.นครราชสีมา,064-9632156,KR,M,still working,em
6109362,นายสุเมธี,แน่นสนิท,SUMETEE,NAENSANID,MC,10 Sep 18,6 Jan 19,5 Nov 92,1 3602 00055 79 3,วิทยาลัยเทคนิคชัยภูมิ,Diploma,561 ม.14 ต.บ้านเขว้า อ.บ้านเขว้า จ.ชัยภูมิ,087-2979803,KR,M,still working,em
6201368,นายสุนทร,ยางนอก,SUNTHON,YANGNOK,FN,3 Jan 19,1 May 19,17 Apr 91,1 4106 00209 79 7,วิทยาลัยการอาชีพหนองหาน,Diploma,17 ม.8 ต.หนองสระปลา อ.หนองหาน จ.อุดรธานี,088-6177819,KR,M,still working,em
6208383,นายจิราธิวัฒน์,ใจแก้ว,JIRATHIWAT,JAIKAEW,MC,5 Aug 19,1 Dec 19,15 Aug 94,1 1037 01477 45 8,วิทยาลัยเทคนิคนครราชสีมา,Diploma,19 ม.15 ต.หนองหอย อ.พระทองคำ จ.นครราชสีมา,088-3451807,KR,M,still working,em
6209385,นายณัฐดนัย,โพธิ์เงิน,NATDANAI,PHONGOEN,FN,2 Sep 19,29 Dec 19,8 May 96,1 4118 00192 31 7,เทคโนโลยีช่างกลพณิชยการนครราชสีมา,Diploma,855/14 ม.1 ต.บ้านเกาะ อ.เมืองนครราชสีมา,061-0424037,KR,M,still working,em
6307392,นายทวีศักดิ์,แสนสมพงษ์,THAWEESAK,SANSOMPHONG,QC,1 Jul 20,27 Oct 20,24 Feb 96,1 6206 00124 63 3,วิทยาลัยเทคโนโลยีช่างกลพณิชยการนครราชสีมา,Diploma,148 ม.3 ต.หนองตาดใหญ่ อ.สีดา จ.นครราชสีมา,062-8892782,KR,M,still working,em
6403396,นายธีรพงศ์,วงษ์ธรรม,THEERAPONG,VONGTUM,office ,25 Mar 21,21 Jul 21,16 Mar 96,1 3097 00169 83 4,มหาวิทยาลัยมหาสารคาม,Diploma,167 ม.11 ต.โนนสำราญ อ.แก้วสนามนาง จ.นครราชสีมา,095-9045119,KR,M,still working,em
6406397,นายธนายุทธ์,โพธิ์สูงเนิน,THANAYUT,POSUNGNOEN,FN,2 Jun 21,28 Sep 21,6 Jan 99,1 3018 01202 25 2,วิทยาลัยเทคนิคนครราชสีมา,Diploma,41/1 ม.4 ต.หนองตะไก้ อ.สูงเนิน จ.นครราชสีมา,062-1053303,KR,M,still working,em
6406399,นายอติชาต,ตระกูลพินิจเมือง,ATICHART,TRAKOONPHINITMUENG,QC,16 Jun 21,12 Oct 21,27 May 92,1 1037 00801 80 4,วิทยาลัยเทคนิคนครราชสีมา,Diploma,1 ม.4 ต.โคกกรวด อ.เมืองนครราชสีมา จ.นครราชสีมา,093-0624648,KR,M,still working,em
6407402,นายอานนท์,ยมรัตน์,ARNON,YOMMARAT,FN,1 Jul 21,27 Oct 21,18 Aug 96,1 4599 00566 66 6,วิทยาลัยเทคนิคสุวรรณภูมิ,Diploma,1 ม.5 ต.ดอกไม้ อ.สุวรรรภูมิ จ.ร้อยเอ็ด,098-5056813,KR,M,still working,em
6502403,นายอภิสิทธิ์,กองศิริ,APHISIT,KONGSIRI,MC,17 Feb 22,15 Jun 22,26 Sep 00,1 3018 01214 65 0,วิทยาลัยเทคนิคนครราชสีมา,Diploma,317 ม.9 ต.นากลาง อ.สูงเนิน จ.นครราชสีมา,093-5244570,KR,M,still working,em
6509407,นายธนภัทร,เดียวสูงเนิน,TANAPAT,DIAOSUNGNOEN,FN,16 Sep 22,12 Jan 23,16 Sep 00,1 3018 01214 42 1,วิทยาลัยเทคนิคนครราชสีมา,Diploma,17 ม.3 ต.หนองตะไก้ อ.สูงเนิน จ.นครราชสีมา,061-0301335,KR,M,still working,em
6601408,นายทนงศักดิ์,แสงสุด,TANONGSAK,SAENGSUD,MC,23 Jan 23,21 May 23,29 Nov 00,1 3315 00068 45 0,วิทยาลัยเทคนิคศรีษะเกษ,Diploma,3 ม.2 ต.เขิน อ.น้ำเกลี้ยง จ.ศรีสะเกษ,063-4518208,KR,M,still working,em
6601409,นายอำนวย,แพทย์ตะคุ,AMNUAI,PEATTAKHU,FN,25 Jan 23,23 May 23,2 May 00,1 3014 01233 60 6,วิทยาลัยเทคนิคปักธงชัย,Diploma,43 ม.3 ต.บ่อปลาทอง อ.ปักธงชัย จ.นครราชสีมา,093-4482659,KR,M,still working,em
