﻿2/3/2005,,KAIZEN ทำไคเซ็นอย่างไรให้เป็นเลิศในองค์กร / สสท.,สสท.,3805009
3/1/2005,17.00-19.00,สอบประจำปี (SKILL TEST 2005 ),,3805009
05-13/04/2005,,ดูงานที่ญี่ปุ่น DIE CASTING,SHIPPO MOULDS,3805009
4/5/2005,09.30-11.30,วิธีการใช้เครื่องมือวัดอย่างถูกต้องและวิธีการบำรุงรักษาเบื้องต้น,MITUTOYO,3805009
3/1/2006,17.00-19.00,สอบประจำปี (SKILL TEST 2006 ),,3805009
22-23/03/2006,09.00-16.30,ค่านิยมของคนญี่ปุ่น ,IME ENTER & RISE,3805009
3/1/2007,17.00-19.00,สอบประจำปี (SKILL TEST 2007 ),,3805009
15/03/2008,17.00-19.00,สอบประจำปี (SKILL TEST 2008 ),,3805009
9/7/2008,17.00-19.00,อบรบและสอนวิธีการทำข้อสอบ,MR. KANOH,3805009
14/03/2009,17.00-19.00,สอบประจำปี (SKILL TEST 2009 ),,3805009
18/04/2009,14.30-16.00,SAFETY  ความปลอดภัยในการทำงาน,คุณธนบดี / SAMT,3805009
20/04/2009,10.00-11.00,วิธีการใช้เครนอย่างถูกต้อง,"คุณทวี,คุณนิรัน",3805009
14/03/2010,17.00-19.00,Skill Test 2010,SAMT,3805009
25/03/2011,17.00-19.00,Skill Test 2011,SAMT,3805009
13/07/2011,08.00-11.45,เทคนิคการใช้เครน และรอกอย่างถูกวิธี,kito,3805009
27-28/06/2011,09.00-16.00,คณะกรรมการความปลอดภัย คปอ.,SS&SAFE,3805009
16/03/2012,17.00-19.00,Skill Test 2012,SAMT,3805009
9-10/11/2012,08.00-16.30,การใช้เครนอย่างถูกต้อง,kito,3805009
16/03/2013,17.00-19.00,Skill Test 2013,SAMT,3805009
20/11/2014,08.00-16.00,ความปลอดภัยในกรทำงานเบื้องต้น 5ส.,Employer Oraganization,3805009
2/12/2015,08.0-16.00,ผู้ปฏิบัติงานเกี่ยวกับปั้นจั่น (ทบทวน),kito,3805009
31/03/2017,08.00-17.00,ISO 9001:2015,JQA,3805009
26/10/2019,09.00-10.00,CPR การปฐมพยาบาลเบื้องต้น,เทศบาล,3805009
24-20/02/2020,09.00-16.00,Dr.Kotei Program,CIM,3805009
9/6/2020,08.00-12.45,ทบทวนการใช้เครน,kito,3805009
29/08/2020,08.00-17.00,หัวหน้างานยุคใหม่บริหารอย่างไรได้ทั้งงาน และใจจากลูกน้อง,HPN,3805009
7/5/2022,09.00-16.00,พรบ.คุ้มครองข้อมุลส่วนบุคคล พศ.2562,สภางองค์กรนายจ้าง,3805009
30/06/2022,09.00-16.00,ทบทวนการใช้เครน,Kito,3805009
16-17 SEP 2008,,Basic Geopak-Win    Model: BND-CC7106  (เครื่องมือวัด CMM),MITUTOYO,5009165
22/03-17/09/2009,,ฝึกงานที่ญี่ปุ่น การตรวจสอบคุณภาพงาน ด้าน QC.,SHIPPO MOULDS,5009165
14/03/2010,17.00-19.00,Skill Test 2010,SAMT,5009165
25/03/2011,17.00-19.00,Skill Test 2011,SAMT,5009165
16/03/2012,17.00-19.00,Skill Test 2012,SAMT,5009165
16/03/2013,17.00-19.00,Skill Test 2013,SAMT,5009165
"22,27/10/2015",08.00-16.00,การบังคับผุ้ให้สัญญาณ ผู้ยึดเกาะวัสดุ,Kito,5009165
9/6/2020,08.00-12.45,ทบทวนการใช้เครน,Kito,5009165
21/07/2022,09.00-16.00,ทบทวนการใช้เครน,Kito,5009165
22/01/2008,09.30-11.30,วิธีการใช้เครื่องมือวัดอย่างถูกต้องและวิธีการบำรุงรักษาเบื้องต้น,MITUTOYO,4502068
3/1/2005,17.00-19.00,สอบประจำปี (SKILL TEST 2005 ),,4502068
22/01/2008,17.00-19.00,สอบประจำปี (SKILL TEST 2006 ),,4502068
22/01/2008,17.00-19.00,สอบประจำปี (SKILL TEST 2007 ),,4502068
15/03/2008,17.00-19.00,สอบประจำปี (SKILL TEST 2008 ),,4502068
22/01/2008,10.00-12.00,วิธีการทำ Model Graphite และโปรแกรมเดิน NC Graphite (สำหรับงาน SHIPPO),"MR.MIZUTANI,MR. A.MATSUOKA",4502068
14/03/2009,17.00-19.00,สอบประจำปี (SKILL TEST 2009 ),,4502068
31/03/2009,13.00-14.30,TRAINNING หลัง TEST 2009  (CAM KNOWLEDGE),MR.MIZUTANI,4502068
9/4/2009,09.00-11.00,KAIZEN,"คุณวันชัย,คุณอัญชนา",4502068
10/4/2009,09.30-11.30,ISO 9001:2000,คุณอัญชนา,4502068
28/04/2009,09.30-11.30,วิธีการอ่าน DRAWING,คุณชัยคร / SAMT,4502068
30/04/2009,09.00-16.00,"พรบ.กองทุนเงินทดแทน(เจ็บป่วยในการทำงาน),พรบ.กองทุนประกันสังคม",สนง.ประกันสังคม,4502068
14/03/2010,17.00-19.00,Skill Test 2010,SAMT,4502068
25/03/2011,17.00-19.00,Skill Test 2011,SAMT,4502068
16/03/2012,17.00-19.00,Skill Test 2012,SAMT,4502068
16/03/2013,17.00-19.00,Skill Test 2013,SAMT,4502068
25/03/2014,08.00-16.00,ความรู้เรื่องประกันสังคม และแรงงานในสถานประกอบการ,Employer organiztion,4502068
27/05/2014,08.00-16.00,Program Machine Core Pin,Yamazen,4502068
"22,27/10/2015",08.00-16.00,การบังคับใช้ปั้นจั่น ผู้ให้สัญญาณ ผู้ยึดเกาะวัสดุ,Kito,4502068
31/03/2017,08.00-17.00,ISO 9001:2015,JQA,4502068
17/07/2019,09.00-17.00,การพัฒนาทักษะหัวหน้างานยุคใหม่บริหารอย่างไรให้ไห้ถูกใจลูกน้อง,HPN,4502068
26/10/2019,09.00-10.00,การปฐมพยาบาลเบื้องต้น CPR,เทศบาล,4502068
15/06/2020,08.00-12.45,ทบทวนการใช้เครน,Kito,4502068
29/08/2020,08.00-17.00,หัวหน้างานยุคใหม่บริหารอย่างไรได้ทั้งงาน และใจจากลูกน้อง,HPN,4502068
29/01/2022,13.00-17.00,การชุบแช็ง,Daido,4502068
7/5/2022,08.30-16.00,พรบ.คุ้มครองข้อมูลส่วนบุคคล พศ.2562,สภาองค์กรนายจ้าง,4502068
30/06/2022,09.00-16.00,การทบทวนการใช้เครน,Kito,4502068
02-03/03/2005,,KAIZEN ทำไคเซ็นอย่างไรให้เป็นเลิศในองค์กร,สสท,3907014
4/5/2005,09.30-11.30,วิธีการใช้เครื่องมือวัดอย่างถูกต้องและวิธีการบำรุงรักษาเบื้องต้น,MITUTOYO,3907014
3/1/2005,17.00-19.00,สอบประจำปี (SKILL TEST 2005 ),,3907014
3/1/2006,17.00-19.00,สอบประจำปี (SKILL TEST 2006 ),,3907014
3/1/2007,17.00-19.00,สอบประจำปี (SKILL TEST 2007 ),,3907014
15/03/2008,17.00-19.00,สอบประจำปี (SKILL TEST 2008 ),,3907014
9/7/2008,17.00-19.00,อบรบและสอนข้อสอบ,MR.KANOH,3907014
14/03/2008,17.00-19.00,สอบประจำปี (SKILL TEST 2009 ),,3907014
10/4/2009,09.30-11.30,ISO 9001:2000,คุณอัญชนา,3907014
'17/04/2009,09.00-10.00,ยื่นแบบผู้มีเงินได้   ภงด.91,คุณยาจิต / SAMT,3907014
20/04/2009,10.00-11.00,วิธีการใช้เครนอย่างถูกต้อง,"คุณทวี,คุณนิรัน",3907014
30/04/2009,09.00-16.00,"พรบ.กองทุนเงินทดแทน(เจ็บป่วยในการทำงาน),พรบ.กองทุนประกันสังคม",สนง.ประกันสังคม,3907014
14/03/2010,17.00-19.00,Skill Test 2010,SAMT,3907014
25/03/2011,17.00-19.00,Skill Test 2011,SAMT,3907014
16/03/2012,17.00-19.00,Skill Test 2012,SAMT,3907014
16/03/2013,17.00-19.00,Skill Test 2013,SAMT,3907014
7-8/12/2012,08.00-16.00,การใช้เครนอย่างถูกต้อง,kito,3907014
2/12/2015,08.00-16.00,ผู้ปฏิบัติหน้าที่เกี่ยวกับปั้นจั่น (ทบทวน),kito,3907014
9/6/2020,08.00-12.45,ผู้ปฏิบัติหน้าที่เกี่ยวกับปั้นจั่น (ทบทวน),kito,3907014
30/06/2020,09.00-16.00,ผู้ปฏิบัติหน้าที่เกี่ยวกับปั้นจั่น (ทบทวน),kito,3907014
4/5/2005,09.30-11.30,วิธีการใช้เครื่องมือวัดอย่างถูกต้องและวิธีการบำรุงรักษาเบื้องต้น,MITUTOYO,4302029
Mar-05,17.00-19.00,สอบประจำปี (SKILL TEST 2005 ),,4302029
Mar-06,17.00-19.00,สอบประจำปี (SKILL TEST 2006 ),,4302029
Mar-07,17.00-19.00,สอบประจำปี (SKILL TEST 2007 ),,4302029
15/03/2008,17.00-19.00,สอบประจำปี (SKILL TEST 2008 ),,4302029
9/7/2008,17.00-19.00,อบรบและสอนข้อสอบ,MR.KANOH,4302029
14/03/2008,17.00-19.00,สอบประจำปี (SKILL TEST 2009 ),,4302029
18/04/2009,14.30-16.00,SAFETY  ความปลอดภัยในการทำงาน,คุณธนบดี / SAMT,4302029
20/04/2009,10.00-11.00,วิธีการใช้เครนอย่างถูกต้อง,"คุณทวี,คุณนิรัน",4302029
28/04/2009,09.30-11.30,วิธีการอ่าน DRAWING,คุณชัยคร / SAMT,4302029
30/04/2009,09.00-16.00,"พรบ.กองทุนเงินทดแทน(เจ็บป่วยในการทำงาน),พรบ.กองทุนประกันสังคม",สนง.ประกันสังคม,4302029
14/03/2010,17.00-19.00,Skill Test 2010,SAMT,4302029
25/03/2011,17.00-19.00,Skill Test 2011,SAMT,4302029
16/03/2012,17.00-19.00,Skill Test 2012,SAMT,4302029
16/03/2013,17.00-19.00,Skill Test 2013,SAMT,4302029
21/11/2014,08.00-16.00,ความปลอดภัยในการทำงานเบื้องต้น 5ส.,Empoyer organization,4302029
1/12/2015,08.00-16.00,ผู้ปฏิบัติหน้าที่เกี่ยวกับปั้นจั่น (ทบทวน),kito,4302029
5/6/2020,08.00-12.45,ผู้ปฏิบัติหน้าที่เกี่ยวกับปั้นจั่น (ทบทวน),kito,4302029
21/07/2022,09.00-16.00,ผู้ปฏิบัติหน้าที่เกี่ยวกับปั้นจั่น (ทบทวน),kito,4302029
7/10/2022,09.00-16.00,อบรมดับเพลิง และอพยพหนีไฟ,เทศบาล,4302029
4/5/2005,09.30-11.30,วิธีการใช้เครื่องมือวัดอย่างถูกต้องและวิธีการบำรุงรักษาเบื้องต้น,MITUTOYO,4512085
Mar-05,17.00-19.00,สอบประจำปี (SKILL TEST 2005 ),,4512085
Mar-07,17.00-19.00,สอบประจำปี (SKILL TEST 2007 ),,4512085
15/03/2008,17.00-19.00,สอบประจำปี (SKILL TEST 2008 ),,4512085
14/03/2008,17.00-19.00,สอบประจำปี (SKILL TEST 2009 ),,4512085
10/4/2009,09.30-11.30,ISO 9001:2000,คุณอัญชนา,4512085
20/04/2009,10.00-11.00,วิธีการใช้เครนอย่างถูกต้อง,"คุณทวี,คุณนิรัน",4512085
11-12/12/2552,08.30-16.00,คณะกรรมการความปลอดภัย อาชีวอนามัยและสภาพแวดล้อมในการทำงาน,สมาคมส่งเสริมฯ,4512085
2-4/07/2009,09.00-16.15,แรงงานปลอดภัยและสุขภาพดี,,4512085
14/03/2010,17.00-19.00,Skill Test 2010,SAMT,4512085
25/03/2011,17.00-19.00,Skill Test 2011,SAMT,4512085
07-08/06/2011,09.00-16.00,การป้องกันแก้ปัญหาความขัดแย้งด้านแรงงาน,สวัสดิการแรงงาน,4512085
13/07/2011,09.00-11.45,เทคนิคการใช้เครนและรอกอย่างถูกวิธี,Kito,4512085
7/9/2011,09.00-16.00,การจัดตั้งสหภาพแรงงาน และการบริหารสหภาพเบื้องต้น,สมาคมสหภาพฯ,4512085
16/03/2012,17.00-19.00,Skill Test 2012,SAMT,4512085
16/03/2013,17.00-19.00,Skill Test 2013,SAMT,4512085
10/4/2013,08.00-17.00,หัวหน้างานยุคใหม่บริหารอย่างไรได้ทั้งงาน และใจจากลูกน้อง,HPN,4512085
9-10/11/2012,08.00-16.00,การใช้เครนอย่างถูกต้อง,Kito,4512085
20/11/2014,08.00-16.00,ความปลอดภัยในการทำงานเบื้องต้น 5ส,Employer organization,4512085
1/12/2015,08.00-16.00,ผู้ปฎิบัติหน้าที่เกี่ยวกับปั้นจั่น (ทบทวน),Kito,4512085
31/03/2017,08.00-17.00,ISO 9001:2015,JQA,4512085
4-5/09/2017,08.00-17.00,จป.ระดับหัวหน้างาน,ปิ่นทอง,4512085
26/10/2019,09.00-10.00,CPR การปฐมพยาบาลเบื้องต้น,เทศบาล,4512085
24-25/02/2019,09.00-16.00,Dr.Kotei Program,CIM,4512085
20/02/2020,13.00-16.00,ชนิดของเหล็ก และการชุบผิว (ดูงาน),Daido,4512085
5/6/2020,08.00-12.45,ทบทวนการใช้เครน,Kito,4512085
29/08/2020,08.00-17.00,หัวหน้างานยุคใหม่บริหารอย่างไรได้ทั้งงาน และใจจากลูกน้อง,HPN,4512085
29/01/2022,13.00-16.00,การชุบแข็ง,Daido,4512085
7/5/2022,08.30-16.00,พรบ.คุ้มครองข้อมุลส่วนบุคคล พศ.2562,สภางองค์กรนายจ้าง,4512085
30/06/2022,09.00-16.00,ทบทวนการใช้เครน,Kito,4512085
4/5/2005,09.30-11.30,วิธีการใช้เครื่องมือวัดอย่างถูกต้องและวิธีการบำรุงรักษาเบื้องต้น,MITUTOYO,4604093
Mar-05,17.00-19.00,สอบประจำปี (SKILL TEST 2005 ),,4604093
Mar-06,17.00-19.00,สอบประจำปี (SKILL TEST 2006 ),,4604093
Mar-07,17.00-19.00,สอบประจำปี (SKILL TEST 2007 ),,4604093
15/03/2008,17.00-19.00,สอบประจำปี (SKILL TEST 2008 ),,4604093
14/03/2008,17.00-19.00,สอบประจำปี (SKILL TEST 2009 ),,4604093
28/04/2009,09.30-11.30,วิธีการอ่าน DRAWING,คุณชัยคร / SAMT,4604093
30/04/2009,09.00-16.00,"พรบ.กองทุนเงินทดแทน(เจ็บป่วยในการทำงาน),พรบ.กองทุนประกันสังคม",สนง.ประกันสังคม,4604093
14/03/2010,17.00-19.00,Skill Test 2010,SAMT,4604093
25/03/2011,17.00-19.00,Skill Test 2011,SAMT,4604093
16/03/2012,17.00-19.00,Skill Test 2012,SAMT,4604093
9-10/11/2012,08.00-16.00,การใช้เครนอย่างถูกวิธี,Kito,4604093
16/03/2013,17.00-19.00,Skill Test 2013,SAMT,4604093
28-29/06/2014,08.00-16.00,ยุทธศาสตร์ความปลอดภัย และสิ่งแวดล้อมในการทำงาน,Employer organiztaion,4604093
1/12/2015,08.00-16.00,ผู้ปฏิบัติหน้าที่เกี่ยวกับปั้นจั่น (ทบทวน),Kito,4604093
9/6/2020,08.00-120.45,ผู้ปฏิบัติหน้าที่เกี่ยวกับปั้นจั่น (ทบทวน),Kito,4604093
30/06/2022,09.00-16.00,ผู้ปฏิบัติหน้าที่เกี่ยวกับปั้นจั่น (ทบทวน),Kito,4604093
7/10/2022,09.00-16.00,อบรมดับเพลิง และอพยพหนีไฟ,เทศบาล,4604093
4/5/2005,09.30-11.30,วิธีการใช้เครื่องมือวัดอย่างถูกต้องและวิธีการบำรุงรักษาเบื้องต้น,MITUTOYO,4610104
Mar-05,17.00-19.00,สอบประจำปี (SKILL TEST 2005 ),,4610104
Mar-06,17.00-19.00,สอบประจำปี (SKILL TEST 2006 ),,4610104
Mar-07,17.00-19.00,สอบประจำปี (SKILL TEST 2007 ),,4610104
15/03/2008,17.00-19.00,สอบประจำปี (SKILL TEST 2008 ),,4610104
9/7/2008,17.00-19.00,อบรบและสอนข้อสอบ,MR.KANOH,4610104
14/03/2008,17.00-19.00,สอบประจำปี (SKILL TEST 2009 ),,4610104
18/04/2009,14.30-16.00,SAFETY  ความปลอดภัยในการทำงาน,คุณธนบดี / SAMT,4610104
20/04/2009,10.00-11.00,วิธีการใช้เครนอย่างถูกต้อง,"คุณทวี,คุณนิรัน",4610104
28/04/2009,09.30-11.30,วิธีการอ่าน DRAWING,คุณชัยคร / SAMT,4610104
30/04/2009,09.00-16.00,"พรบ.กองทุนเงินทดแทน(เจ็บป่วยในการทำงาน),พรบ.กองทุนประกันสังคม",สนง.ประกันสังคม,4610104
14/03/2010,17.00-19.00,Skill Test 2010,SAMT,4610104
25/03/2011,17.00-19.00,Skill Test 2011,SAMT,4610104
16/03/2012,17.00-19.00,Skill Test 2012,SAMT,4610104
16/03/2013,17.00-19.00,Skill Test 2013,SAMT,4610104
8/4/2014,08.00-16.00,ความรู้เรื่องประกันสังคม และแรงงานในสถานประกอบการ,Employer organiztion,4610104
9-10/11/2012,08.00-16.00,การมช้เครนอย่างถูกต้อง,Koto,4610104
1/12/2015,08.00-16.00,ผู้ปฏิบัติหน้าที่เกี่ยวกับปั้นจั่น (ทบทวน),Koto,4610104
5/6/2020,08.00-12.45,ผู้ปฏิบัติหน้าที่เกี่ยวกับปั้นจั่น (ทบทวน),Koto,4610104
21/07/2022,090.00-16.00,ผู้ปฏิบัติหน้าที่เกี่ยวกับปั้นจั่น (ทบทวน),Koto,4610104
4/5/2005,09.30-11.30,วิธีการใช้เครื่องมือวัดอย่างถูกต้องและวิธีการบำรุงรักษาเบื้องต้น,MITUTOYO,f
Mar-06,17.00-19.00,สอบประจำปี (SKILL TEST 2006 ),,4708116
Mar-07,17.00-19.00,สอบประจำปี (SKILL TEST 2007 ),,4708116
15/03/2008,17.00-19.00,สอบประจำปี (SKILL TEST 2008 ),,4708116
9/7/2008,17.00-19.00,อบรบและสอนข้อสอบ,MR.KANOH,4708116
14/03/2008,17.00-19.00,สอบประจำปี (SKILL TEST 2009 ),,4708116
18/04/2009,14.30-16.00,SAFETY  ความปลอดภัยในการทำงาน,คุณธนบดี / SAMT,4708116
20/04/2009,10.00-11.00,วิธีการใช้เครนอย่างถูกต้อง,"คุณทวี,คุณนิรัน",4708116
28/04/2009,09.30-11.30,วิธีการอ่าน DRAWING,คุณชัยคร / SAMT,4708116
30/04/2009,09.00-16.00,"พรบ.กองทุนเงินทดแทน(เจ็บป่วยในการทำงาน),พรบ.กองทุนประกันสังคม",สนง.ประกันสังคม,4708116
14/03/2010,17.00-19.00,Skill Test 2010,SAMT,4708116
25/03/2011,17.00-19.00,Skill Test 2011,SAMT,4708116
16/03/2012,17.00-19.00,Skill Test 2012,SAMT,4708116
16/03/2013,17.00-19.00,Skill Test 2013,SAMT,4708116
"03,10/11/2015",08.00-16.00,ผู้ปฏิบัติหน้าที่เกี่ยวกับปั้นจั่น,Kito,4708116
9/6/2020,08.00-12.45,ทบทวนการใช้เครน,Kito,4708116
21/07/2022,09.00-17.00,ทบทวนการใช้เครน,Kito,4708116
4/5/2005,09.30-11.30,วิธีการใช้เครื่องมือวัดอย่างถูกต้องและวิธีการบำรุงรักษาเบื้องต้น,MITUTOYO,3802006
14/03/2008,17.00-19.00,สอบประจำปี (SKILL TEST 2009 ),,3802006
'17/04/2009,09.00-10.00,ยื่นแบบผู้มีเงินได้   ภงด.91,คุณยาจิต / SAMT,3802006
20/04/2009,10.00-11.00,วิธีการใช้เครนอย่างถูกต้อง,"คุณทวี,คุณนิรัน",3802006
30/04/2009,09.00-16.00,"พรบ.กองทุนเงินทดแทน(เจ็บป่วยในการทำงาน),พรบ.กองทุนประกันสังคม",สนง.ประกันสังคม,3802006
14/03/2010,17.00-19.00,Skill Test 2010,SAMT,3802006
25/03/2011,17.00-19.00,Skill Test 2011,SAMT,3802006
16/03/2012,17.00-19.00,Skill Test 2012,SAMT,3802006
16/03/2013,17.00-19.00,Skill Test 2013,SAMT,3802006
7-8/12/2012,08.00-16.30,การใช้เครนอย่างถูกต้อง,Kito,3802006
11-15/11/2013,08.00-16.30,Program 8 Operation,Yamazen,3802006
25/05/2014,08.00-16.00,Program Machine Core pin,Yamazen,3802006
1/12/2015,08.00-16.00,การใช้เครนอย่างถูกต้อง (ทบทวน),kito,3802006
5/6/2020,08.00-12.45,ทบทวนการใช้เครน,kito,3802006
30/06/2022,09.00-16.00,ทบทวนการใช้เครน,kito,3802006
7/10/2022,09.00-16.00,อบรมดับเพลิง และอพยพหนีไฟ,เทศบาล,3802006
4/5/2005,09.30-11.30,วิธีการใช้เครื่องมือวัดอย่างถูกต้องและวิธีการบำรุงรักษาเบื้องต้น,MITUTOYO,3906013
Mar-05,17.00-19.00,สอบประจำปี (SKILL TEST 2005 ),,3906013
Mar-07,17.00-19.00,สอบประจำปี (SKILL TEST 2007 ),,3906013
15/03/2008,17.00-19.00,สอบประจำปี (SKILL TEST 2008 ),,3906013
9/7/2008,17.00-19.00,อบรบและสอนข้อสอบ,MR.KANOH,3906013
14/03/2008,17.00-19.00,สอบประจำปี (SKILL TEST 2009 ),,3906013
18/04/2009,14.30-16.00,SAFETY  ความปลอดภัยในการทำงาน,คุณธนบดี / SAMT,3906013
20/04/2009,10.00-11.00,วิธีการใช้เครนอย่างถูกต้อง,"คุณทวี,คุณนิรัน",3906013
28/04/2009,09.30-11.30,วิธีการอ่าน DRAWING,คุณชัยคร / SAMT,3906013
30/04/2009,09.00-16.00,"พรบ.กองทุนเงินทดแทน(เจ็บป่วยในการทำงาน),พรบ.กองทุนประกันสังคม",สนง.ประกันสังคม,3906013
14/03/2010,17.00-19.00,Skill Test 2010,SAMT,3906013
25/03/2011,17.00-19.00,Skill Test 2011,SAMT,3906013
16/03/2012,17.00-19.00,Skill Test 2012,SAMT,3906013
16/03/2013,17.00-19.00,Skill Test 2013,SAMT,3906013
21/11/2014,08.00-16.00,ความปลอดภัยในการทำงานเบื้องต้น 5ส.,Empoyer organization,3906013
"03,10/10/2015",08.00-16.00,ผู้ปฏิบัติงานเกี่ยวกับปั้นจั่น,kito,3906013
15/06/2020,08.00-12.45,ทบทวนการใช้เครน,kito,3906013
21/07/2022,09.00-16.00,ทบทวนการใช้เครน,kito,3906013
7/10/2022,09.00-16.00,อบรมดับเพลิง และอพยพหนีไฟ,เทศบาล,3906013
4/5/2005,09.30-11.30,วิธีการใช้เครื่องมือวัดอย่างถูกต้องและวิธีการบำรุงรักษาเบื้องต้น,MITUTOYO,4210027
Mar-05,17.00-19.00,สอบประจำปี (SKILL TEST 2005 ),,4210027
Mar-06,17.00-19.00,สอบประจำปี (SKILL TEST 2006 ),,4210027
14/03/2008,17.00-19.00,สอบประจำปี (SKILL TEST 2009 ),,4210027
10/4/2009,09.30-11.30,ISO 9001:2000,คุณอัญชนา,4210027
20/04/2009,10.00-11.00,วิธีการใช้เครนอย่างถูกต้อง,"คุณทวี,คุณนิรัน",4210027
28/04/2009,09.30-11.30,วิธีการอ่าน DRAWING,คุณชัยคร / SAMT,4210027
30/04/2009,09.00-16.00,"พรบ.กองทุนเงินทดแทน(เจ็บป่วยในการทำงาน),พรบ.กองทุนประกันสังคม",สนง.ประกันสังคม,4210027
19-22/10/2009,08.00-16.40,การเชื่อม,ศูนย์วิจัยและบริการวิศวกรรม,4210027
14/03/2010,17.00-19.00,Skill Test 2010,SAMT,4210027
25/03/2011,17.00-19.00,Skill Test 2011,SAMT,4210027
16/03/2012,17.00-19.00,Skill Test 2012,SAMT,4210027
16/03/2013,17.00-19.00,Skill Test 2013,SAMT,4210027
"03,10/11/2015",08.00-16.00,ผู้ปฏิบัติหน้าที่เกี่ยวกับปั้นจั่น,Kito,4210027
9/6/2020,08.00-12.45,ทบทวนการใช้เครน,kito,4210027
30/06/2022,09.00-16.00,ทบทวนการใช้เครน,kito,4210027
3/5/2022,08.00-11.45,"แนะนำบริษัท, ระบบ ISO, กฎระเบียบต่างๆ ของบริษัทฯ",ฝ่ายบุคคล,6505405
03/05-29/08/2022,08.00-16.40,"MC:Wire cut Machine, EDM Machine, Basic CNC Maching Center",Mr.Sarawut,6505405
21/07/2022,09.00-16.00,การทบทวนเครน,Kito,6505405
7/10/2022,09.00-16.00,อบรมดับเพลิง และอพยพหนีไฟ,เทศบาล,6505405
2/13/2017,08.00-11.45,"แนะนำบริษัท, ระบบ ISO, กฎระเบียบต่างๆ ของบริษัทฯ",ฝ่ายบุคคล,6002318
13/02/17-11/06/2017,08.00-11.46,"Lay out, Grinding Machine, Lathe Machine",Leadar,6002318
8/2/2018,09.00-16.00,ผู้บังคับปั้นจั่น ผู้ให้สัญญาณ ผู้ยึดเกาะวัสดุ,Kito,6002318
5/6/2020,08.00-12.45,ทบทวนการใช้เครน,Kito,6002318
21/07/202,08.30-16.00,ทบทวนการใช้เครน,Kito,6002318
6/5/2017,08.00-11.45,ฝ่ายบุคคล,ฝ่ายบุคคล,6006331
05-30/06/17-01/10/17,08.00-11.46,"Lay out, Redial Machine",Mr.Anon,6006331
8/2/2018,08.00-16.00,ผู้บังคับปั้นจั่น ผู้ให้สัญญาน ผู้ยึดเกาะวัสดุ,kito,6006331
15/06/2020,08.00-12.45,ทบทวนการใช้เครน,kito,6006331
29/08/2020,08.00-17.00,หัวหน้างานยุคใหม่บริหารอย่างไรให้ได้ทั้งงาน และใจจากลูกน้อง,HPN,6006331
29/01/2022,13.00-16.00,การชุบแข็ง,Daido,6006331
7/5/2022,08.30-16.00,พรบ. คุ้มครองข้อมูลส่วนบุคคล พศ.2562 ,สภาองค์กรนายจ้าง,6006331
21/07/2022,09.00-16.00,ทบทวนการใช้เครน,kito,6006331
16/09/2020,08.00-11.45,"แนะนำบริษัท, ระบบ ISO, กฎระเบียบต่างๆ ของบริษัทฯ",ฝ่ายบุคคล,6309394
16/09/20-12/01/21,08.00-11.46,"MC:Layuot, Process NC Rouhg , Process NC Finish FN:Manternance, Assy Mould ","Mr.Anon,Mr.Wongthawat,Mr.Sarawut",6309394
23/10/2020,09.00-16.00,อบรมดับเพลิง อพยพหนีไฟ,เทศบาล,6309394
15-17-06/2022,08.00-16.00,เทตนิคการใช้เครน และรอกอย่างถูกวิธี,เทศบาล,6309394
3/5/2018,08.00-11.45,"แนะนำบริษัท, ระบบ ISO, กฎระเบียบต่างๆ ของบริษัทฯ",ฝ่ายบุคคล,6105352
03-11/05/2018,08.00 - 16.40,MC: Lathe Machine,Mr.Preecha,6105352
15/05-29/08/18,08.00 - 16.41,MC: Redail Machine,Mr.Anon,6105352
"31/10,06/11/2018",08.30-16.40,ผู้ปฏิบัติหน้าที่เกี่ยวกับปั้นจั่น,Kito,6105352
6/10/2018,13.00-17.00,อบรมดับเพลิง อพยพหนีไฟ,เทศบาล,6105352
24-25/11/2021,09.00-17.00,คปอ. คณะกรรมการความปลอดภัย,SRD,6105352
21/07/2022,09.00-16.00,ทบทวนการใช้เครน,Kito,6105352
7/10/2022,09.00-16.00,อบรมดับเพลิง และอพยพหนีไฟ,เทศบาล,6105352
24/9/2018,08.00-11.45,"แนะนำบริษัท, ระบบ ISO, กฎระเบียบต่างๆ ของบริษัทฯ",ฝ่ายบุคคล,6109364
24/09/2018-20/01/2019,08.00 - 16.40,"MC:Lathe Machine, Redail Machine",Mr.Anon,6109364
"31/10,06/11/2018",08.30-16.00,ผู้ปฏิบัติหน้าที่เกี่ยวกั่บปั้นจั่น,Kito,6109364
6/10/2018,13.00-17.00,อบรมดับเพลิง และอพยพหนีไฟ,เทศบาล,6109364
21/07/2022,09.00-16.00,ทบทวนการใช้เครน,Kito,6109364
6/2/2019,08.00-11.45,"แนะนำบริษัท, ระบบ ISO, กฎระเบียบต่างๆ ของบริษัทฯ",ฝ่ายบุคคล,6202371
06/02-04/06/19,08.00-11.46,"Lay out, Drilling Machine, Hardford Machine",Leader,6202371
26/10/2019,09.00-16.00,อบรมดับเพลิง อพยพหนีไฟ,เทศบาล,6202371
17-18/06/2020,09.00-17.00,ผู้บังคับปั้นจั่น ผู้ให้สัญญาณ ผู้ยึดเกาะวัสดุ,Kito,6202371
21/07/2022,09.00-17.00,ทบทวนการใช้เครน,Kito,6202371
18/3/2019,08.00-11.45,"แนะนำบริษัท, ระบบ ISO, กฎระเบียบต่างๆ ของบริษัทฯ",ฝ่ายบุคคล,6203372
18/03-14/07/19,08.00-11.46,Lathe Machine,Leader,6203372
26/10/19,09.00-16.00,อบรมดับเพลิง อพยหนีไฟ,เทศบาล,6203372
17-18/06/2020,09.00-17.00,ผู้บังคับปั้นจั่น ผู้ให้สัญญาณ ผู้ยึดเกาะ,Kito,6203372
21/07/2022,09.00-16.00,ทบทวนการใช้เครน,Kito,6203372
23/04/2019,08.00-11.45,"แนะนำบริษัท, ระบบ ISO, กฎระเบียบต่างๆ ของบริษัทฯ",ฝ่ายบุคคล,6202371
23/04-19/08/19,08.00-11.46,"Lay out, Drilling Machine",Leader,6202371
26/10/2019,09.00-16.00,อบรมดับเพลิง อพยพหนีไฟ,เทศบาล,6202371
17-18/06/2020,09.00-17.00,การใช้เครนปั้นจั่นผู้ให้สัญญาณ ผู้ยึดเกาะ,Kito,6202371
,09.00-17.00,ทบทวนการใช้เครน,Kito,6202371
