﻿29-30/03/2011,09.00-16.00,ISO Internal Auditor,TQA,4704110
24/05/2012,08.30-16.00,พัฒนาทักษะการบริหารหัวหนางานยุคใหม่,HPN,4704110
20/11/2014,08.00-16.00,ความปลอดภัยในการทำงานเบื้องต้น 5ส.,Employer organization,4704110
25-26/10/2018,08.000-16.00,จป.ระดับหัวหน้างาน,ปิ่นทอง,4704110
24/25/02/2020,09.00-16.00,Dr.Kotei Program,CIM,4704110
31/08/2020,08.00-16.00,Self esteem vs self image,Excellence,4704110
23/09/2020,08.30-15.30,ความท้าทายของงานจัดซื้อหลัง Covid-19,PSMCT,4704110
7/5/2022,08.30-16.00,พรบ.คุ้มครองข้อมูลส่วนบุคคล พศ.2562,สภาองค์กรนายจ้าง,4704110
1/19/2011,09.00-16.00,ส่งเสริมความรุ้ด้านแรงงานแก่นายจ้างและลูกจ้าง,พัฒนาฝีมือแรงงาน,5303183
3/8/2011,13.00-16.00,พรบ.ความปลอดภัย ฉบับใหม่,kito,5303183
07-08/06/2011,09.00-16.00,การป้องกัน-แก้ปัญหาความขัดแย้งด้านแรงงาน,Employer organization,5303183
9/3/2012,08.00-14.00,การบริหารค่าจ้างขั้นต่ำตามนดยบายของรัฐบาล,kito,5303183
20/11/2014,08.00-16.00,ความปลอดภัยในการทำงานเบื้องต้น 5ส ,Employer organization,5303183
24-25/11/2021,09.00-16.00,คปอ. ,SRD คอนซัลแตนท์,5303183
15/06/2022,09.00-12.00,วิเคราะห์บทบัญญัติ พรบ.2541,สภาองค์กรนายจ้าง,5303183
10/6/2022,09.00-12.00,การขับเคลื่อนมาตรการองค์กรความปลอดภัย,สำนักงานจราจร,5303183
24/06/2022,08.00-16.00,พรบ.คุ้มครองข้อมุลสวนบุคคล พศ.2562,สภาองค์กรนายจ้าง,5303183
19/10/2022,09.00-16.00,update กฎหมาย จป. ฉบับใหม่,ECOT,5303183
8-9/03/2023,09.00-16.00,"การพัฒนาความรุ้ด้านความปลอดภัยฯ เพิ่มเติมสำหรับ จป,เทคนิค เทคนิคขั้นสูง และ จป.วิชาชีพ,เทคนิคการเป็นวิทยากรสอนด้านความปลอดภัย,พรบ.ความปลอดภัยในการทำงาน พศ.2554",HPN.,5303183
13/072011,09.00-11.45,เทคนิคการใช้เครน และรอกอย่างถูกวิธี,พัฒนาฝีมือแรงงาน,4404048
9-10/11/2012,08.00-16.00,การใช้เครนอย่างถูกต้อง,kito,4404048
20/11/2014,08.00-16.00,ความปลอดภัยในการทำงานเบื้องต้น 5ส.,Employer organization,4404048
1/12/2015,08.00-16.00,ผู้ปฏิบัติหน้าที่เกี่ยวกับปั้นจั่น (ทบทวน),kito,4404048
5/6/2020,08.00-12.45,ทบทวนการใช้เครน,kito,4404048
21-22/02/2011,09.00-16.00,เทคนิคการขัดอย่างมืออาชีพ,พัฒนาฝีมือแรงงาน,4002020
20/11/2014,08.00-16.00,ความปลอดภัยในการทำงานเบื้องต้น 5ส ,Employer organization,4002020
7/13/2011,09.00-11.45,เทคนิคการใช้เครน และรอกอย่างถูกวิธี,kito,4505071
9-10/11/2012,08.00-16.00,การใช้เครนอย่างถูกต้อง,kito,4505071
20/11/2014,08.00-16.00,ความปลอดภัยในการทำงานเบื้องต้น 5 ส.,Employer organization,4505071
2/12/2015,08.00-16.00,ผู้ปฏิบัติหน้าทีเกี่ยวกับปั้นจั่น (ทบทวน),kito,4505071
5/6/2020,08.00-12.45,ทบทวนการใช้เครน,kito,4505071
30/06/2022,09.00-16.00,ทบทวนการใช้เครน,kito,4505071
20/11/2014,08.00-16.00,ความปลอดภัยในการทำงานเบื้องต้น 5ส.,สภาองค์กรนายจ้าง,5602251
18/12/2014,08.00-16.00,อบรมดับเพลิง อพยพหนีไฟ,เทศบาล,5602251
26/10/2019,09.00-10.00,การปฐมพยาบาลเบื้องต้น CPR,เทศบาล,5602251
3/3/2020,08.00-16.00,หลักเกณฑ์การกำหนดราคาโอน,สรรพากร,5602251
31/08/2020,08.00-16.00,Self Esteem vs Self Image,Excelleance,5602251
4/8/2022,08.00-16.00,Update กฎหมายล่าสุด / เอกสารที่เกี่ยวข้องกัน,สรรพากร,5602251
,08.00-16.00,พรบ.คุ้มครองข้อมูลส่วนบุคคล พศ.2562,สภาองค์กรนายจ้าง,5602251
12/10/2012,14.40-16.40,ดับเพลิงเบื้องต้น อพยพหนีไฟ,เทศบาล,5505228
20/11/2014,08.00-16.00,ความปลอดภัยในการทำงานเบื้องต้น 5ส.,สภาองค์กรนายจ้าง,5505228
31/03/2017,08.00-16.00,ISO 9001:2015,JQA,5505228
26/10/2019,09.00-10.00,CPR การปฐมพยาบาลเบื้องต้น,เทศบาล,5505228
24-25/02/2020,09.00-16.00,Dr.Kotei Program,CIM,5505228
31/08/2020,08.00-16.00,Self Esteem vs Self Image,Excellence,5505228
23/09/2020,08.30-15.30,ความท้าทายของงานจัดซื้อหลัง covid19,PSCMT,5505228
5/24/2012,08.30-16.00,พัฒนาทักษะการบริหารหัวหน้างานยุคใหม่,HPN,4404049
20/11/2014,08.00-16.00,ความปลอดภัยในการทำงานเบื้องต้น 5 ส.,Employer organization,4404049
31/03/2017,08.00-16.00,ISO 9001:2015,JQA,4404049
25-26/10/2018,08.00--16.00,จป.ระดับหัวหน้างาน,ปิ่นทอง,4404049
2/11/2018,13.00-17.00,การจัดซื้อยุค 4.0,Bitec,4404049
26/10/2019,09.00-10.00,การปฐมพยาบาลเบื้องต้น CPR,เทศบาล,4404049
24-25/02/2020,08.00-16.00,Dr.Kotei Program,CIM,4404049
26/02/2020,13.00-16.00,ชนิดของเหล็ก และการชุบแข็ง,Daido,4404049
29/08/2020,08.00-16.00,หัวหน้างานยุคใหม่บริหารอย่างไรให้ได้ทั้งงาน และใจลูกน้อง,HPN,4404049
21/08/2020,08.30-16.00,new normal Purchasing,PSCMT,4404049
7/5/2022,09.00-16.00,พรบ.คุ้มครองข้อมุลส่วนบุคคล พศ.2562 ,สภาองค์กรนายจ้าง,4404049
20/11/2014,08.00-16.00,ความปลอดภัยในการทำงานเบื้องต้น 5ส ,Employer organization,5311196
18/12/2014,08.00-16.00,อบรมดับเพลิง และอพยพหนีไฟ,เทศบาล,5311196
22/03/2017,12.00-17.00,Digital life สไตล์จัดซื้อมืออาชีพ,Office mate,5311196
2/11/2018,13.00-17.00,การจัดซื้อยุคใหม่,Bitec,5311196
24-25/2/2020,09.00-16.00,Dr.Kotei Program,CIM,5311196
29/01/2022,13.00-16.00,การชุบแข็ง,Daido,5311196
11/20/2014,08.00-16.00,ความปลอดภัยในการทำงานเบื้องต้น 5ส.,Employer organization,4403044
11/20/2014,08.00-16.00,ความปลอดภัยในการทำงานเบื้องต้น 5ส.,Employer organization,4805126
7/25/2016,08.00-11.45,"แนะนำบริษัทฯ, ระบบ ISO, กฎระเบียบต่างๆ ของบริษัทฯ,ความรู้ทางด้านแม่พิมพ์,การปฏิบัติงานของหน่วยงานขาย การส่งมอบตาม,Procedure 2mk-001R4(15-sep-2014),รู้จักลูกค้าเบื้องต้น,ทำความเข้าใจเรื่องความพึงพอใจของลูกค้าตาม,Procedure 2mk-001R4(15-sep-2014),รวมถึงเกณฑ์การประเมินความพึงพอใจของลูกค้า,ข้อมูล และเอกสารเกี่ยวกับงานขาย",ฝ่ายบุคคล,5907312
14/10/2016,09.00-16.00,อบรมดับเพลิง และซ้อมอพยพหนีไฟ,เทศบาล,5907312
22/10/2016,09.00-16.00,Basic drawing,K.Chaikorn,5907312
10/2/2020,08.00-11.45,"แนะนำบริษัทฯ, ระบบ ISO, กฎระเบียบต่างๆ ของบริษัทฯ",ฝ่ายบุคคล,6302388
10/02-07/06/2020,,"ความรู้ทางด้านแม่พิมพ์,การปฏิบัติงานของหน่วยงานขาย การส่งมอบตาม,Procedure 2mk-001R4(15-sep-2014),รู้จักลูกค้าเบื้องต้น,ทำความเข้าใจเรื่องความพึงพอใจของลูกค้าตาม,Procedure 2mk-001R4(15-sep-2014),รวมถึงเกณฑ์การประเมินความพึงพอใจของลูกค้า,ข้อมูล และเอกสารเกี่ยวกับงานขาย",LEADER/CHIEF,6302388
10/02-07/06/2021,,"Meaning of mould parts , Assy and Reassy'moulds",LEADER(F/N),6302388
10/02-07/06/2022,,Machine Process,LEADER(M/C),6302388
10/02-07/06/2022,,(Tolerance)/Drawing,ASS'T MANAGER (CAD),6302388
19/03/2021,09.0-16.00,Facebook page สำหรับนักการตลาด และ SME ยุคใหม่,Net Dimension,6302388
23/10/2020,09.00-16.00,อบรมดับเพลิง และอพยพหนีไฟ,เทศบาล,6302388
29/01/2022,13.00-16.00,การชุบแข็ง,Daido,6302388
16/9/2022,08.00-11.45,"กฎระเบียบบริษัทฯ, ISO 9001",HR / Ms.Anchana,6509406
16/09/22-12/01/23,13.00 - 15.00,System (Data Analysis):Job Discription,Mrs.Horita,6509406
16/09/22-12/01/24,13.00 - 15.01,Purchase:Express Program,Ms.Wiriya,6509406
16/09/22-12/01/25,13.00 - 15.02,Sales:Express Program,Ms.Wasitporn,6509406
16/09/22-12/01/26,13.00 - 15.03,Account:Express Program,Ms.Waewdow,6509406
16/09/22-12/01/27,13.00 - 15.04,PC:Dr.Kotei Program,Mr.Suriya,6509406
16/09/22-12/01/28,13.00 - 15.05,F/N:Meaning of mould part/Assy and Reassy'moulds,Mr.Wongtawat,6509406
16/09/22-12/01/29,13.00 - 15.06,M/C:Machine Process,Mr.Anon,6509406
16/09/22-12/01/30,13.00 - 15.07,CAD:Tolerance Drawing,Mr.Chaikorn,6509406
7/10/2022,09.00-16.00,อบรมดับเพลิง อพยพหนีไฟ,เทศบาล,6509406
11/20/2014,08.00-16.00,ความปลอดภัยในการทำงานเบื้องต้น 5ส.    ,สภาองค์กรนายจ้าง,3505004
1/3/2017,08.00-16.00,ISO 9001:2015,JQA,3505004
2/5/2017,08.00-16.00,เทคนิคการเลิกจ้าง และสอบสวนเพื่อลงโทษทางวินัย,HPN,3505004
21/02/2018,08.00-16.00,การบริหารเชิงกลยุทธ์,สถาบันการไฟฟ้า,3505004
26/10/2019,09.00-10.00,การปฐมพยาบาลเบื้องต้น CPR,เทศบาล,3505004
22/01/2020,08.00-16.00,Personnal Data Protection ACT,HPN,3505004
31/08/2020,08.00-16.00,Self Esteem vs self Image,Excelleance,3505004
21/08/2020,08.00-16.00,New Normal Purchaing,PSCMT,3505004
19/08/2020,08.00-16.00,Systematic problem analysis&Solotion for manafactory,EQUAL,3505004
23-24/01/2021,08.00-16.00,จป.ระดับบริหาร,บลูพลัส,3505004
24/02/2022,08.00-16.00,พรบ.คุ้มครองข้อมุลส่วนบุคคล พศ2562,สภาองค์กรนายจ้าง,3505004
19/10/2022,09.00-16.00,กฏหมาย จป.ฉบับใหม่,ECOT    ,3505004
1/2/2018    ,08.00-16.00,"แนะนำบริษัทฯ, ระบบ ISO, กฎระเบียบต่างๆ ของบริษัทฯ ",ฝ่ายบุคคล,6104350
2/1/2000,08.00-16.40,"Account:ความรู้ทางด้านระบบบัญชีของบริษัทฯ,การคีย์ Working Report/ Product ของบริษัทฯ,การลงบัญชีเกี่ยวกับค่าใช้จ่าย และเอกสารของแผนกบัญชี,ทำความเข้าใจเรื่องการเปิดบิลขาย,ทำความเข้าใจเรื่อง เจ้าหนี้, การหักภาษี ณ ที่จ่าย",Accounting,6104350
6/10/2018,13.00-17.00,อบรมดับเพลิง และอพยพหนีไฟ,เทศบาล,6104350
1/2/2018    ,08.00-16.00,"แนะนำบริษัทฯ, ระบบ ISO, กฎระเบียบต่างๆ ของบริษัทฯ ",ฝ่ายบุคคล,6104350
2/1/2000,08.00-16.40,"Account:ความรู้ทางด้านระบบบัญชีของบริษัทฯ,การคีย์ Working Report/ Product ของบริษัทฯ,การทำความเข้าใจการลงบัญชีของบริษัทฯเกี่ยวกับค่าใช้จ่าย,ทำความเข้าใจเรื่องเจ้าหนี้ การหัก ณ ที่จ่าย, การหักภาษี ณ ที่จ่าย,ทำความเข้าใจเรื่อง กระทบยอด GL",Accounting,6104350
6/10/2018,13.00-17.00,อบรมดับเพลิง และอพยพหนีไฟ,เทศบาล,6104350
1/7/2020,08.00-16.00,"แนะนำบริษัทฯ, ระบบ ISO, กฎระเบียบต่างๆ ของบริษัทฯ",ฝ่ายบุคคล,6307391
1/7/2020,08.00-16.01,"Purchasing:เรียนรู้ระบบงานจัดซื้อ,งานด้านเอกสารตาม Iso Procedure 2PR-001,ผังงานในระบบ Express (Process Ex[ress System),ทำความเข้าใจระบบ express,การเปิด Po, Input, Output,ทำความเข้าใจในชิ้นส่วนแม่พิมพ์ดูชิ้นงานจริงที่หน้างาน,ทำความเข้าใจการดู Drawing,โครงสร้างแม่พิมพ์,Part List,รู้จัก Maker งานจ้างทำ,การจัดการด้านงานจ้างทำ,การรายงานต่างๆ,งานจัดหาด้านงานซ่อมบำรุง,Support Part ด้านเครื่องจักร,",Purchase,6307391
23/10/2020,09.00-16.00,อบรมดับเพลิง อพยพหนีไฟ,เทศบาล,6307391
29/01/2022,13.00-16.00,การชุบแข็ง,Daido,6307391
7/9/2020,08.00-16.00,"แนะนำบริษัทฯ, ระบบ ISO, กฎระเบียบต่างๆ ของบริษัทฯ",ฝ่ายบุคคล,6309393
07/09/20-03/01/21,13.00 - 15.00,System (Data Analysis):Job Discription,Mrs.Horita,6309393
,13.00 - 15.01,Purchase:Express Program,Ms.Wiriya,6309393
,13.00 - 15.02,Sales:Express Program,Ms.Wasitporn,6309393
,13.00 - 15.03,Account:Express Program,Ms.Waewdow,6309393
,13.00 - 15.04,PC:Dr.Kotei Program,Mr.Suriya,6309393
,13.00 - 15.05,F/N:Meaning of mould part/Assy and Reassy'moulds,Mr.Wongtawat,6309393
,13.00 - 15.06,M/C:Machine Process,Mr.Anon,6309393
,13.00 - 15.07,CAD:Tolerance Drawing,Mr.Chaikorn,6309393
28/09/2020,13.00-14.30,การใช้เวปไซต์ แอปพลิเคชั่น,Misumi,6309393
25/09/2020,13.00-16.00,Subcon Thailand 2020,Bitec,6309393
7/5/2022,08.30-16.00,พรบ.คุ้มครองข้อมุลส่วนบุคคล พศ.2562,สภาองค์กรนายจ้าง,6309393
7/5/2022,09.00-16.00,สรุปสาระสำคัญ พ.ร.บ.คุ้มครองข้อมูลส่วนบุคคล พ.ศ.2562 เพื่อการบริหารงานบุคคล,สภาองค์การนายจ้าง,5810302
6/6/2022,08.00-16.00,การใช้โปรแกรม TopSolid,4D,5810302
3/3/2023,09.00-16.00,นวัตกรรมผลิตชิ้นสวนยานยนต์ไฟฟ้า,Mazak,5810302
