﻿7-8/12/2012,08.00-16.00,การใช้เครนอย่างถูกต้อง,Kito,4404047
20/11/2014,08.00-16.00,ความปลอดภัยในการทำงานเบิ้องต้น 5ส.,Employer organization,4404047
1/12/2015,08.00-16.00,ผู้ปฏิบัติหน้าที่เกี่ยวกับปั้นจั่น (ทบทวน),Kito,4404047
25-26/07/2016,08.30-16.30,จป.ระดับหัวหน้างาน,ปิ่นทอง,4404047
3/3/2017,08.00-17.00,ISO 9001-2015,JQA,4404047
14/11/2016,09.00-16.00,กิจกรรมเยี่ยมชม Toyota,Mastercor,4404047
25-26/07/2019,08.00-16.00,Internal Audutor,JQA,4404047
26/10/2019,09.00-10.00,การปฐมพยาบาลเบื้องต้น CPR,เทศบาล,4404047
5/6/2020,08.00-12.45,ทบทวนการใช้เครน,Kito,4404047
31/08/2020,08.00-16.00,SelfEstem Vs Self Image,Excellence,4404047
23-24/02/2021,08.00-16.00,จป.ระดับบริหาร,บลุพลัส,4404047
7/5/2022,08.00-16.00,พรบ.คุ้มครองข้อมุลส่วนบุคคล พศ.2562,สภาองค์กรนายจ้าง,4404047
30/06/022,09.00-16.00,ทบทวนการใช้เครน,Kito,4404047
12/10/2012,14.40-16.40 น.,อบรมดับเพลิงเบื้องต้น และอพยพหนีไฟ,เทศบาลนคร สป.,5506235
9-10/11/2012,08.00-16.00,การใช้เครนอย่างถูกต้อง,Kito,5506235
20/11/2014,08.00-16.00,อบรมดับเพลิงเบื้องต้น และอพยพหนีไฟ,เทศบาล,5506235
18/12/2014,08.00-16.00,อบรมดับเพลิงเบื้องต้น และอพยพหนีไฟ,เทศบาล,5506235
2/12/2015,08.00-16.00,ผุ้ปฏิบัติเหน้าที่เกี่ยวกับปั้นจั่น (ทบทวน),Kito,5506235
24/07/2019,09.00-13.30,What is missing from your smart factory,Oracel,5506235
24-25/02/2020,09.--16.00,Dr.Kotei Program,CIM,5506235
5/6/2020,08.00-12.45,ทบทวนการใช้เครน,Kito,5506235
22-23/07/2020,08.00-16.00,จป.หัวหน้างาน,ปิ่นทอง,5506235
29/08/2020,08.00-16.00,หัวหน้างานยุคใหม่บริหารอย่างไรได้ทั้งงานและใจจากลุกน้อง,HPN,5506235
7/5/2022,08.00-16.00,พรบ.คุ้มครองข้อมูลส่วนบุคคล พศ.2562,สภาองค์กรนายจ้าง,5506235
21/07/2022,09.00-16.00,ทบทวนการใช้เครน,Kito,5506235
4/6/2021,08.00-11.45,แนะนำบริษัทฯ ระบบ ISO กฎระเบียบต่างๆ ของบริษัทฯ,ฝ่ายบุคคล,6406398
07/06-03/10/2021,08.00-11.46,"Using the Dr.Kotie Program,Collect data and key working hours,Interopeability between departments,Document Report,Summary Production data,Evaluate learning / working",Production Chief,6406398
7/10/2022,09.00-16.00,อบรมดับเพลิง อพยพหนีไฟ,เทศบาล,6406398
