﻿04/05/2005,09.30-11.30,วิธีการใช้เครื่องมือวัดอย่างถูกต้องและวิธีการบำรุงรักษาเบื้องต้น,MITUTOYO,4512084
Mar 2005,17.00-19.00,Basic Geopak-Win    Model: BND-CC7106  (เครื่องมือวัด CMM),,4512084
Mar 2006,17.00-19.00,สอบประจำปี (SKILL TEST 2006 ),,4512084
Mar 2007,17.00-19.00,สอบประจำปี (SKILL TEST 2007 ),,4512084
10/03-09/05/2008,,ฝึกงานที่ญี่ปุ่น การตรวจสอบ QC. INSPECTION และวิธีการตรวจวัดชิ้นงานโดย เครื่อง CMM.,SHIPPO MOULDS,4512084
15/03/2008,17.00-19.00,สอบประจำปี (SKILL TEST 2008 ),,4512084
10/07/2008,17.00-19.00,อบรบและสอนวิธีการทำข้อสอบ,MR.KANOH,4512084
23-24 SEP  2008,,"3D-TOL WIN, DmisPak and MeasureReport (เครื่องมือวัด CMM)",MITUTOYO,4512084
09/04/2009,09.00-11.00,KAIZEN,"คุณวันชัย,คุณอัญชนา",4512084
28/04/2009,09.30-11.30,วิธีการอ่าน DRAWING,คุณชัยคร / SAMT,4512084
14/05/2009,13.00-13.40,COLOR CHECK,คุณสุทิน / SAMT,4512084
14/05/2009,13.40-14.00,เช็คความแข็ง,คุณสุรัช / SAMT,4512084
14/03/2010,17.00-19.00,Silll Test 2010,SAMT,4512084
17/02/2010,09.00-16.00,4 ทักษะหัวหน้างาน,ธรรมนิติ,4512084
25/03/2011,17.00-19.00,Silll Test 2011,SAMT,4512084
26/07/2011,09.0-16.00,เทคนิคการมอบหมายงน และการติดตามงานเพื่อควบคุมคุณภาพ,HPN,4512084
7-8/12/2012,08.00-16.00,การใช้เครนอย่างถูกต้อง,kito,4512084
16/03/2013,17.00-19.00,Silll Test 2013,SAMT,4512084
20/11/2014,08.00-16.00,ความปลอดภัยในการทำงานเบื้องต้น 5ส.,สภาองค์การนายจ้าง,4512084
2/12/2015,08.00-16.00,ผู้ปฏิบัติหน้าที่เกี่ยวกับปั้นจั่น (ทบทวน),Kito,4512084
5-26/07-2016,08.30-16.30,จป.ระดับหัวหน้างาน,ปิ่นทอง,4512084
31/03/2017,08.00-17.00,ISO 9001:2015,JQA,4512084
21/03/2019,08.30-16.00,Making Quality Drive Productivityn ,Hcgol local,4512084
26/10/2019,09.00-10.00,CPR การปฐมพยาบาลเบื้องต้น,เทศบาล,4512084
20/02/2020,13.00-16.00,ชนิดของเหล็กและการชุบผิว,Daido,4512084
15/06/2020,08.00-12.45,ทบทวนการใช้เครน,kito,4512084
29/08/2020,08.00-16.00,หัวหน้างานยุคใหม่บริหารอย่างไรให้ได้ทั้งงาน และใจจากลูกน้อง,HPN,4512084
2-4/08/2021,09.00-16.00,Basic Probing and Scaning for table metrology,Poly work,4512084
29/01/2022,13.00-16.00,การชุบแข็ง,Daido,4512084
7/5/2022,08.00-16.00,พรบ.คุ้มครองข้อมูลส่วนบุคคล พศ.2562,สภาองค์การนายจ้าง,4512084
30/06/2022,09.00-16.00,ทบทวนการใช้เครน,kito,4512084
19/11/2022,12.45-16.40,Program Polywork,Poly work (Bitec),4512084
16-17 SEP 2008,,Basic Geopak-Win    Model: BND-CC7106  (เครื่องมือวัด CMM),MITUTOYO,5102168
29/09/08- 21/03/09,,ฝึกงานที่ญี่ปุ่น การตรวจสอบคุณภาพงาน ด้าน QC.,SHIPPO MOULDS,5102168
20/04/2009,10.00-11.00,วิธีการใช้เครนอย่างถูกต้อง,"คุณทวี,คุณนิรัน",5102168
28/04/2009,09.30-11.30,วิธีการอ่าน DRAWING,คุณชัยคร / SAMT,5102168
14/05/2009,13.00-13.40,COLOR CHECK,คุณสุทิน / SAMT,5102168
14/05/2009,13.40-14.00,เช็คความแข็ง,คุณสุรัช / SAMT,5102168
14/03/2010,17.00-19.00,Silll Test 2010,SAMT,5102168
25/03/2011,17.00-19.00,Silll Test 2011,SAMT,5102168
13/07/2011,08.00-11.45,เทคนิคการใช้เครนและรอกอย่างถูกวิธี,Kito,5102168
9-10/11/2012,08.00-16.00,การใช้เครนอย่างถูกต้อง,Kito,5102168
16/03/2012,17.00-19.00,Silll Test 2012,SAMT,5102168
16/03/2013,17.00-19.00,Silll Test 2013,SAMT,5102168
07/04/204,08.00-16.00,ความรุ้เรื่องประกันสังคม และแรงงานสัมพันธ์ในสถานประกอบการ,Employer organization,5102168
20/11/2014,08.00-16.00,ความปลอดภัยในการทำงานเบื้องต้น 5ส.,Employer organization,5102168
24/10/2015,.08.00-16.00,อบรมดับเพลิง และอพยพหนีไฟ,เทศบาล,5102168
1/12/2015,08.00-16.00,ผู้ปฏิบัติหน้าที่เกี่ยวกับปั้นจั้น (ทบทวน),Kito,5102168
9/6/2020,08.00-12.45,ทบทวนการใช้เตรน,Kito,5102168
29/01/2022,13.00-16.00,การชุบแข็ง,Daido,5102168
21/07/2022,09.00-16.00,ทบทวนการใช้เตรน,Kito,5102168
6/1/2017,08.00-11.45 น.,"แนะนำบริษัทฯ, ระบบ ISO, กฎระเบียบต่างๆ ของบริษัทฯ",ฝ่ายบุคคล,6006327
01-03/06/2017,08.00-11.45 น.,QC:Data and customer,LEADER,6006327
05-09/09/2017,08.00-11.45 น.,"F/N:Learning Assy Part,Learning Mould Assembly",LEADER,6006327
8/2/2018,08.00-16.00,ผู้บังคับปั้นจั่น ผู้ให้สัญญาณผู้ยึดเกาะวัสดุ,Kito,6006327
9/6/2020,08.00-12.45,ทบทวนการใช้เครน,Kito,6006327
2-4/08/2021,09.00-16.00,Basic Probing and Scanning for portable metrology,Poly work,6006327
9/1/2022,13.00-16.00,การชุบแข็ง,Daido,6006327
30/06/2022,09.00-16.00,ทบทวนการใช้เครน,Kito,6006327
19/11/2022,12.45-16.40,Program Polywork,Poly work (Bitec),6006327
01/08/2017,08.00-11.45,"แนะนำบริษัทฯ, ระบบ ISO, กฎระเบียบต่างๆ ของบริษัทฯ",ฝ่ายบุคคล,6008333
01/08-04/09/2017,08.00-11.45 น.,QC:Data and customer,LEADER,6008333
05/09-27/11/17,08.00-11.45 น.,QC:Inspection (CMM),LEADER,6008333
8/2/2017,08.00-16.00,ผู้บังคับปั้นจั่น ผู้ให้สัญญาณผู้ยึดเกาะวัสดุ,Kito,6008333
15/6/2020,08.00-12.45,ทบทวนการใช้เครน,Kito,6008333
21/07/2022,09.00-16.00,ทบทวนการใช้เครน,Kito,6008333
