﻿3505004,อัญชนา,อัศวพิมพ์จินดา,ANCHANA,ASSAWAPHIMJINDA,MANAGEMENT,7-May-92,7-Sep-92,4-Apr-69,3 1103 00333 46 7,มหาวิทยาลัยรามคำแหง,Master,247/2 ม.1 ต.รัตนราช อ.บางบ่อ จ.สมุทรปราการ,081-6465557,BP,F,superadmin
3802006,ธีรพัฒน์,ทองประสม,THEERAPHAT,THONGPRASOM,MC,6-Feb-95,6-Jun-95,1-Aug-72,3 1009 03426 78 5,เทคโนโลยีกรุงเทพฯ,Diploma,958/6 ม.12 แขวงบางนา เขตบางนา กรุงเทพฯ,081-7889811,BP,M,em
3805009,ศราวุธ,สีคุณน้ำเที่ยง,SARAWUT,SEKUNNUMTIENG,MC,16-May-95,16-Sep-95,11-May-73,3 4007 00430 06 8,สถาบันเทคโนโลยีราชมงคลวิทยาเขตขอนแก่น,Diploma,61 ม.4 ต.บัวเงิน อ.น้ำพอง จ.ขอนแก่น,089-0340601,BP,M,em
3904011,ราเชน,คันภูเขียว,RACHEN,KANPOOKEAW,FN,25-Apr-96,25-Aug-96,6-Mar-76,3 6705 00251 88 5,โรงเรียนชุมชนบ้านโคกปรง,ม.3,181 ม.1 ต.โคกปรง อ.วิเชียรบุรี จ.เพชรบูรณ์,080-4995966,BP,M,em
3906013,ทองใหม่,ชินชาติ,THONGMAI,CHINCHAT,MC,19-Jun-96,19-Oct-96,1-Jan-77,3 3109 00307 87 2,วิทยาลัยเทคนิคบุรีรัมย์,Vocational,134 ม.6 ต.บ้านเป้า อ.พุทไธสง จ.บุรีรัมย์,099-2566446,BP,M,em
3907014,สุรศักดิ์,อาจวิชัย,SURASAK,ARTWICHAI,MC,23-Jul-96,23-Nov-96,15-Sep-68,3 4905 00147 14 1,วิทยาลัยเทคนิคนครพนม,Vocational,41/1 ม.5 ต.บ้านเป้า อ.หนองสูง จ.มุกดาหาร,02-7051887,BP,M,em
4001017,สมชาติ,กลัดเข็มเพ็ชร,SOMCHART,KLADKHEMPETCH,CAD1 (Modeling),24-Jan-97,24-May-97,11-Apr-77,3 1102 00043 92 1,วิทยาลัยเทคโนโลยีกรุงเทพ,Vocational,210/2 ม.1 ต.บางบ่อ อ.บางบ่อ จ.สมุทรปราการ,086-7519662,BP,M,em
4108024,ณธพณ,แก้วกันหา,NATHAPHON,KAEWKANHA,FN,6-Aug-98,6-Dec-98,29-Jan-73,3 4007 00566 95 4,วิทยาลัยเทคนิคขอนแก่น,Vocational,31 ม.13 ต.น้ำพอง อ.น้ำพอง จ.ขอนแก่น,086-5557209,BP,M,em
4210027,สมฤทธิ์,ชนะนาม,SOMRIT,CHANANAM,MC,1-Oct-99,1-Feb-00,26-Mar-78,3 4111 00053 17 5,วิทยาลัยเทคนิคหนองคาย,Vocational,15 ม.4 ต.บ้านจันทร์ อ.บ้านดุง จ.อุดรธานี,089-0720898,BP,M,em
4302029,ฉลาด,สีเสมอ,CHALAD,SEESAMEA,MC,10-Feb-00,18-Jun-00,22-May-77,3 4506 00011 74 8,วิทยาลัยเทคนิคยโสธร,Vocational,206 ม.17 ต.แสนสุข อ.พนมไพร จ.ร้อยเอ็ด,085-1281795,BP,M,em
4403044,วิรัตน์,มานะงาน,WIRAT,MANANGAN,office,16-Mar-01,2-Jul-01,30-Apr-72,3 2002 00321 56 3,โรงเรียนบ้านนพเก้า,P.6,394 ม.6 ต.หนองหว้า อ.เขาฉกรรจ์ จ.สระแก้ว,081-9086764,BP,M,em
4404047,สุริยะ,พิมล,SURIYA,PIMOL,MANAGEMENT,2-Apr-01,29-Jul-01,29-Dec-74,3 3007 00023 68 4,สถาบันเทคโนโลยีราชมงคล นครราชสีมา,Bachelors Degree,238/244 ต.บางเสาธง อ.บางพลี จ.สมุทรปราการ,089-9276917,BP,M,superadmin
4404049,วิริญา,ฮวยแช,WIRIYA,HOUYCHAE,store,23-Apr-01,19-Aug-01,13-Mar-78,3 1102 00546 38 8,โรงเรียนเกริกวิทยาลัย,Diploma,475/1 ม.13 ต.คลองด่าน อ.บางบ่อ จ.สมุทรปราการ,089-1465339,BP,F,admin
4410058,ชัยคร,สุริยะสา,CHAIKORN,SURIYASA,MANAGEMENT,1-Oct-01,27-Jan-02,2-Feb-75,3 5403 00201 44 3,สถาบันราชมงคล วิทยาเขตพายัพ,Diploma,151/682 ม.7 แขวงทับยาว เขตลาดกระบัง กรุงเทพมหานคร,092-2677716,BP,M,superadmin
4502068,ปรีชา,ถาบุญเรือง,PREECHA,THABOONRUENG,MC,1-Feb-02,30-May-02,1-Feb-79,3 4116 00468 78 1,วิทยาลัยเทคนิคอุดรธานี,Diploma,188 ม.6 ต.หนองเรือ อ.โนนสัง จ.หนองบัวลำภู,085-2350197,BP,M,em
4505071,สุวรรณี,ขันจำนงค์,SUWANNEE,KHUNCHAMNONG,store,7-May-02,2-Sep-02,13-Sep-76,3 1102 00075 98 9,สถาบันราชภัฎราชนครินทร์,Diploma,156/2 ม.3 ต.คลองด่าน อ.บางบ่อ จ.สมุทรรปราการ,087-9261470,BP,F,admin
4506073,เทพฤทธิ์,ภาษี,THEPPARIT,PASEE,CAD1 (Modeling),18-Jun-02,14-Oct-02,14-Jul-74,3 4899 00135 23 8,Khon Kaen University ,Bachelors Degree,101 ม.9 ต.เซกา อ.เซกา จ.หนองคาย,090-9540979,BP,M,em
4512084,นิรัน,แซ่อ้อ,NIRAN,SEA-OR,QC,2-Dec-02,30-Mar-03,14-Jul-79,3 8009 00665 23 5,มหาวิทยาลัยเกษมบัณฑิต ,Bachelors Degree,92 ม.1 ต.หนองหงส์ อ.ทุ่งสง จ.นครศรีธรรมราช,081-6328529,BP,M,em
4512085,อานนท์,มณีโชติ,ANON,MANEECHOT,MC,23-Dec-02,20-Apr-03,24-Jan-81,3 1806 00690 38 9,มหาวิทยาลัยราชภัฎธนบุรี,Bachelors Degree,169 ม.6 ต.ตะขบ อ.ปักธงชัย จ.นครราชสีมา,095-8482879,BP,M,em
4604093,อานันท์,แสงยศ,A-NAN,SANGYOS,MC,16-Apr-03,12-Aug-03,4-Jan-81,3 4607 01061 58 9,วิทยาลัยเทคนิคมหาสารคาม,Diploma,7 ม.7 หนองอิเต่า จ.ยางตลาด จ.กาฬสินธุ์,084-1324290,BP,M,em
4606097,ชัยพร,พอกพูน,CHAIYAPORN,POUKPOON,CAM,2-Jun-03,28-Sep-03,3-Jul-82,5 3201 00137 37 5,วิทยาลัยเทคนิคสุรินทร์,Diploma,27 ม.8 ต.ปราสาททอง อ.เขวาสินรินทร์ จ.สุรินทร์,089-4988729,BP,M,em
4606098,ธวัชยุธโยธา,โพธิราช,THAWATYUTYOTHA,PHOTIRAT,FN,2-Jun-03,28-Sep-03,21-Dec-80,3 4002 00472 06 3,สถาบันเทคโนโลยีราชมงคลขอนแก่น,Diploma,165 ม.5 ต.ปาหวายนึ่ง  อ.บ้านฝาง จ.ขอนแก่น,081-2681346,BP,M,em
4610104,อุทัย,ไชยะโอชะ,U-THAI,CHAIYAOCHA,MC,16-Oct-03,11-Feb-04,8-Apr-81,3 3405 00845 19 2,วิทยาลัยเทคนิคอุบลราชธานี,Diploma,9 ม.4 ต.เจียด อ.เขมราฐ จ.อุบลราชธานี,087-9895429,BP,M,em
4704110,ศิริพร,ช่วยโคกสูง,SIRIPORN,CHUAIKHOKSUNG,MANAGEMENT,1-Apr-04,28-Jul-04,1-Dec-81,3 3009 00394 71 6,สถาบันเทคโนโลยีพระจอมเกล้าคุณทหารลาดกระบัง,Bachelors Degree,104/44 ซ.สมเด็จพระเจ้าตากสิน27 แขวงบุคคโล เขตธนบุรี กรุงเทพฯ,089-8149638,BP,F,superadmin
4708116,ธัณยบูรณ์,โพธิ์เกิด,THANYABOON,PHOKEAD,MC,9-Aug-04,9-Dec-04,5-Jan-82,3 1102 00758 44 0,วิทยาลัยเทคนิคสมุทรปราการ,Diploma,126/1 ม.4 ต.บางเพรียง อ.บางบ่อ จ.สมุทรปราการ,080-2853863,BP,M,em
4803121,ประเสริฐ,กาวีบัว,PRASERT,KAWEEBUA,CAD2(Design),1-Mar-05,27-Jun-05,14-Sep-75,3 5013 00814 50 1,สถาบันราชมงคล วิทยาเขตพายัพ,Diploma,3 ม.12 ต.สันกำแพง อ.สันกำแพง จ.เชียงใหม่,083-8395030,BP,M,em
4804123,สาธิยา,สุขสงวนไทย,SATHIYA,SUKSANGUANTHAI,CAM,1-Apr-05,28-Jul-05,9-Apr-85,1 1199 00039 59 6,วิทยาลัยเทคนิคสมุทรปราการ,Diploma,386 ม.6 ต.ท้ายบ้าน อ.เมืองสมุทรปราการ จ.สมุทรปราการ,086-7519662,BP,F,em
4804124,ภมรรัตน์,แก้วเขียว,PAMONRUT,KAEWKHIAW,CAM,1-Apr-05,28-Jul-05,30-Sep-81,3 7005 00952 71 8,King Mongkut's Institute North Bangkok,Bachelors Degree,7/1 ม.6 ต.กรับใหญ่ อ.บ้านโป่ง จ.ราชบุรี,089-0524307,BP,M,em
4805126,บุญจันทร์,อันทฤทธิ์,BOONJAN,AHNTARIT,office,5-May-05,31-Aug-05,4-Oct-72,5 4401 00018 05 7,โรงเรียนบ้านร่วมใจ,P.6,355/19 ซ.สุขุมวิท 42 แขวงคลองเตย เขตคลองเตย กทม.,081-5529143,BP,M,em
4810128,ครรชิต,หว่านเงิน,KUNCHIT,WHAN-NGOEN,CAD1(Design),1-Oct-05,27-Jan-06,10-Apr-78,3 1606 00330 47 1,King Mongkut's University Thonburi,Bachelors Degree,82 ซ.สมเด็จเจ้าพระยา แขวงสมเด็จเจ้าพระยา กทม.,089-1278700,BP,M,em
4902133,การจณา,แสงยศ,KANJANA,SANGYOS,CAD1 (Office),6-Feb-06,4-Jun-06,22-Jan-83,3 4506 00891 73 0,Technic Yasothong College,Diploma,35 ม.6  ต.ชาสุวรรณ อ.พนมไพร จ.ร้อยเอ็ด,086-5361510,BP,F,em
4906145,วิชาญ,บทมูล,WICHAN,BOTMOON,CAD1 (Modeling),19-Jun-06,16-Oct-06,17-Mar-79,5 4506 90005 20 0,Technic Yasothong College,Diploma,43 ม.4 ต.ชานุสุวรรณ อ.พนมไพร จ.ร้อยเอ็ด,095-9239114,BP,M,em
5003153,เมษา,ปุ๊กทะเล,MESA,PUKTALAE,CAD1 (Modeling),1-Mar-07,27-Jun-07,1-Apr-79,3 3099 00209 35 6,สถาบันเทคโนโลยีราชมงคลคลอง 6ธัญบุรี,Bachelors Degree,1016 ถ.ราชนิกูล ต.ในเมือง อ.เมืองนครราชสีมา โคราช,098-1027309,BP,M,em
5006160,มณะชัย,ลาภูตะมะ,MANACHAI,LAPOOTAMA,CAD1(Design),1-Jun-07,27-Sep-07,15-Jul-83,3 3312 00135 23 9,King Mongkut's University Thonburi,Bachelors Degree,222 ม.4 ต.อ้อมน้อย อ.กระทุ่มแบน จ.สมุทรสาคร,085-1501836,BP,M,em
5009165,บวร,เสาะสมบูรณ์,BOWORN,SORSOMBOON,MC,10-Sep-07,6-Oct-08,15-Dec-78,3 4603 00771 82 8,รร.พาณิชยการพลาญชัย ร้อยเอ็ด,Diploma,109 ม.12 ต.ธัญญา อ.กมลาไสย จ.กาฬสินธุ์,086-0612319,BP,M,em
5102168,พิพัฒน์,ท้าวคำลือ,PIPHAT,THAWKAMLEA,QC,25-Feb-08,23-Jun-08,15-Dec-81,3 5702 00312 16 2,สถาบันราชภัฎเชียงราย,Bachelors Degree,3 ม.7  ต.ผางาม อ.เวียงชัย จ.เชียงราย,086-1833646 ,BP,M,em
5102169,รัชศักดิ์,ดีหา,RATCHASAK,DEEHA,CAD2 (QC2),27-Feb-08,24-Jun-08,4-Feb-81,1 1008 00017 28 2,สถาบันเทคโนโลยีธัญบุรี,Bachelors Degree,196 ม.3 ต.บางเมืองใหม่ อ.เมืองสมุทรปราการ จ.สมุทรปราการ,089-7742941,BP,M,em
5107174,กัมพล,บุญสืบ,KUMPON,BUNSUEB,CAD2(Design),1-Jul-08,27-Oct-08,7-May-84,1 1007 00053 33 3,King Mongkut's University Thonburi,Bachelors Degree,9/400 หมู่บ้านพฤกษา อ.เมือง จ.สมุทรปราการ,084-1440692,BP,M,em
5109177,ดนุพล,แก้วกัน,DANUPON,KAEWKUN,CAD2(Cam-Work NC),22-Sep-08,18-Jan-09,19-Mar-83,3 5201 00260 62 4,King Mongkut's University Thonburi,Bachelors Degree,158 ม.3 ต.ชมพู อ.เมืองลำปาง จ.ลำปาง,086-9785120,BP,M,em
5111178,ยงวิช,จาสันเที๊ยะ,YONGWIT,CHASANTHIA,CAD1(Design),17-Nov-08,16-Mar-09,1-Sep-84,1 6001 00032 34 9,Rajamangala Institute Lanna Tak.,Bachelors Degree,444/4 ม.2 ต.หนองปลิง อ.เมืองนครสวรรค์ จ.นครสวรรค์,087-2031600,BP,M,em
5303180,พงษ์ศักดิ์,ยอดคำมี,PONGSAK,YODKHAMMEE,CAD2 (Modeling),1-Mar-10,28-Jun-10,16-Nov-85,1 6707 00042 28 1,Pathumwan Institute Of Technology,Bachelors Degree,14 ม.3 ต.วังทอง อ.วังสมบูรณ์ จ.สระแก้ว,084-7717035,BP,M,em
5303181,ทนุ,กันยิ่ง,THANU,KUNYING,CAD1(Design),16-Mar-10,12-Jul-10,25-Nov-86,1 4019 00035 39 6,Mahasarakham University,Bachelors Degree,232 ม.6 ต.คำม่วง อ.เขาสวนกวาง จ.ขอนแก่น,086-6358615,BP,M,em
5303183,ณัฐณิชา,มณีโชติ,NATNICHA,MANEECHOT,office,16-Mar-10,12-Jul-10,17-Nov-81,3 3014 00557 26 9,มหาวิทยาลัยสุโขทัยธรรมาธิราช,Bachelors Degree,169 ม.6 ต.ตะขบ อ.ปักธงชัย จ.นครราชสีมา,085-2062793,BP,F,admin
5307186,จีระศักดิ์,ซ้ายดำ,JEERASAK,CHAYDAM,CAM,1-Jul-10,27-Oct-10,14-May-85,1 8699 00018 86 0,Rajamangala University Krungthep,Bachelors Degree,57 ม.14 ต.ท่าข้าม อ.ท่าแซะ จ.ชุมพร,084-5598845,BP,M,em
5311196,ทัศนีย์,โสภารัตน์,TUSSANEE,SOPARUT,office,22-Nov-10,20-Mar-11,2-Jan-83,3 4019 00259 85 1,ม.ราชมงคลล้านนา ตาก,Bachelors Degree,31/5  ม.9  ต.ห้วยยั้ง อ.พรานกระต่าย จ.กำแพงเพชร,081-3005389,BP,F,em
5505228,วสิษฐ์พร,นึกถูก,WASITPORN,NUEKTHUEK,MANAGEMENT,2-May-12,28-Aug-12,30-May-79,3 1009 03587 82 7,ม.ศิลปากร,Bachelors Degree,168 ม.2 ต.สำโรงเหนือ อ.เมืองสมุทรปราการ จ.สมุทรปราการ,085-0440790,BP,F,superadmin
5506235,เสกสรร,ดวงสูงเนิน,SAEKSAN,DUNGSUNGNOEN,PC,14-Jun-12,10-Oct-12,4-Jul-87,1 3018 00089 50 9,ม.เทคโนราชมงคลธัญบุรี,Bachelors Degree,146 ม.11 ต.สูงเนิน อ.สูงเนิน จ.นครราชสีมา,092-9731967,BP,M,em
5602249,ชัชวาล,อินทร์น้อย,CHATCHAWAN,EINNOY,CAM,1-Feb-13,30-May-13,6-Jan-80,3 6101 00050 06 8,Technic Chainat College,Diploma,7/1 ม.6  ต.โนนเหล็ก อ.เมืองอุทัยธานี จ.อุทัยธานี,097-1426524,BP,M,em
5602251,แววดาว,บุญไสว,WAEWDOW,BOONSAWAI,MANAGEMENT,16-Feb-13,14-Jun-13,18-Oct-81,3 4601 00854 74 6,ม.ราชภัฎมหาสารคาม,Bachelors Degree,100 ม.7 ต.หลุบ อ.เมืองกาฬสินธุ์ จ.กาฬสินธุ์,089-1254542,BP,F,superadmin
5603257,วงศ์ธวัช,ภูพันนา,WONGTHAWAT,PHUPANNA,FN,16-Mar-13,12-Jul-13,6-Oct-88,1 4607 00132 45 1,ม.เทคโนราชมงคลอีสาน วิทยาเขตกาฬสินธุ์,Diploma,235  ม.2 ต.เขาพระนอน อ.ยางตลาด จ.กาฬสินธุ์,085-2549428,BP,M,em
5608269,อุมาพรรณ,พินิจคุณ,UMAPAN,PINITKUL,CAD1 (Modeling),19-Aug-13,15-Dec-13,16-Jun-85,1 1012 00064 60 4,ม.เทคโนโลยีราชมงคล กรุงเทพ,Bachelors Degree,75/69 ต.บางจาก อ.พระประแดง จ.สมุทรปราการ,081-4914272,BP,F,em
5810302,พรสุข,ตันติวิษณุโสภิต,PORNSUK,TANTIVISANUSOPIT,MANAGEMENT,1-Oct-15,27-Jan-16,7-May-59,3 1018 01083 56 1,มหาวิทยาลัยเทคโนโลยีราชมงคล เขตเทเวศน์,Bachelors Degree,18/96 ซ.พพลโยธิน 48 แยก 17/1 แขวงอนุสาวรีย์ เขตบางเขน กทม.,081-3748146,BP,M,superadmin
5907312,อุมาพร,กลิ่นเมือง,UMAPORN,KLINMUEANG,office,25-Jul-16,20-Nov-16,3-Jun-94,1 4602 00077 18 4,มหาวิทยาลัยพิบูลสงคราม,Bachelors Degree,3/317 ม.9 ต.ปากแคว อ.เมืองสุโขทัย จ.สุโขทัย,089-7029722,BP,F,em
5909317,สุภัสสร,เทียบพิมพ์,SUPHATSORN,THIABPHIM,FN,19-Sep-16,15-Jan-17,28-Dec-92,1 4710 00118 53 8,โรงเรียนโพธิ์ชัยทองพิทยาคม,ม.3,27 ม.6 ต.ห้วยหลัว อ.บ้านม่วง จ.สกลนคร,096-1699735,BP,F,em
6002318,ศิริราช,เชนรัมย์,SIRIRUCH,CHAINRUM,MC,13-Feb-17,11-Jun-17,25-Jan-89,1 3111 00129 60 5,วิทยาลัยเทคนิคบุรีรัมย์,Vocational,1 ม.18 ต.ชุมแสง อ.สตึก จ.บุรีรัมย์,092-6205632,BP,M,em
6005323,อภิสิทธิ์,วิชาเงิน,APHISIT,VICHANGERN,FN,16-May-17,11-Sep-17,29-Jun-96,1 4407 00127 19 9,วิทยาลัยเทคนิคมหาสารคาม,Vocational,8 ม.7 ต.ดงดวน อ.นาดูน จ.มหาสารคาม,095-9655694,BP,M,em
6006326,สุระ,ศรีมงคล,SURA,SRIMONGKHON,FN,1-Jun-17,27-Sep-17,7-Mar-84,1 4803 00005 86 0,มัธยมศึกษาตอนปลาย,ม.6,110 ม.8 ต.โนนตาล อ.ท่าอุเทน จ.นครพนม,061-1576173,BP,M,em
6006327,วัฒนชัย,ชื่นเมือง,WATTANACHAI,CHUENMUANG,QC,1-Jun-17,27-Sep-17,5-Feb-90,1 5299 00412 02 1,วิทยาลัยเทคนิค ลำปาง,Diploma,230/7  ถ.พหลโยธิน ต.หัวเวียง อ.เมืองลำปาง จ.ลำปาง,084-6152261,BP,M,em
6006331,นครินทร์,พิญญพันธ์,NAKARIN,PHINYAPAN,MC,5-Jun-17,1-Oct-17,13-Feb-95,1 3499 00683 74 4,วิทยาลัยเทคนิคอุบลราชธานี,Diploma,59 ม.11 ต.กลางใหญ่ อ.เขื่องใน จ.อุบลราชธานี,080-1654618,BP,M,em
6008333,กมลวรรณ,แก้วโกมล,KAMOLWAN,KAEWKOMOL,QC,1-Aug-17,27-Nov-17,6-Feb-81,3 1201 01214 27 1,สถาบันราชภัฎพระนคร,Bachelors Degree,2024/47 ม.15 ต.บางเสาธง อ.บางเสาธง จ.สมุทรปราการ,081-9172480,BP,M,em
6101338,ชนะชัย,ธรรมวงศ์,CHANACHAI,THAMMAWONG,FN,16-Jan-18,14-May-18,4-Jun-96,1 4004 00175 98 8,เทคนิคขอนแก่น,Diploma,46/2 ม.3 ต.หนองเรือ อ.หนองเรือ จ.ขอนแก่น,061-0370691,BP,M,em
6103347,ธีรภัทร,เครือแก้ว,THEERAPHAT,KHRUEAKAEW,CAM,19-Mar-18,15-Jul-18,4-Jul-93,1 5403 00098 13 1,สถาบันอาชีวศึกษาภาคเหนือ 2,Bachelors Degree,117/4 ม.5 ต.ห้วยอ้อ อ.ลอง จ.แพร่,087-3583293,BP,M,em
6104350,ศุภมาศ,ทองปลั่ง,SUPAMAS,THONGPLANG,office,2-Apr-18,29-Jul-18,16-Aug-97,1 7299 00423 76 5,วิทยาลัยพณิชยการบางนา,Diploma,100/6 ม.1 ต.บางเพรียง อ.บางบ่อ จ.สมุทรปราการ,096-1170540,BP,F,em
6105352,เสกสรรค์,ศรีสุขา,SEKSAN,SRISUKHA,MC,3-May-18,29-Aug-18,6-Oct-97,1 3105 00192 54 1,วิทยาลัยเทคนิคนางรอง,Diploma,61 ม.3 ต.บุกระสัง อ.หนองกี่ จ.บุรีรัมย์,092-8697387,BP,M,em
6107357,สุรีย์พรรณ,พงษ์ทรัพย์,SUREEPHAN,PHONGSAB,office,9-Jul-18,4-Nov-18,24-Mar-85,1 1007 00184 84 5,วิทยาลัยเซาร์อีสท์บางกอก,Bachelors Degree,201/675 ม.1 ต.บางเสาธง อ.บางเสาธง จ.สมุทรปราการ,081-5671047,BP,F,em
6109361,ชมพู่,วันณุประธรรม,CHOMPOO,WANNUPRATHAM,CAD2 (Modeling),1-Sep-18,28-Dec-18,9-Feb-96,1 3103 00200 01 9,วิทยาลัยเทคนิคบุรีรัมย์,Diploma,126 ม.5 ต.สูงเนิน อ.กระสัง จ.บุรีรัมย์,095-4756858,BP,F,em
6109364,เฉลิมพล,คำฟู,CHALERMPHON,KHAMFU,MC,24-Sep-18,20-Jan-19,5-Dec-97,1 5708 00077 30 3,วิทยาลัยการอาชีพเชียงราย,Diploma,15 ม.8 ต.แม่เงิน อ.เชียงแสน จ.เชียงราย,083-0507318,BP,M,em
6202371,นิพัทธ์,ปัทมสุคนธ์,NIPAT,PATTAMASUKHON,MC,6-Feb-19,4-Jun-19,21-Sep-92,1 1031 00145 88 4,วิทยาลัยเทคโนโลยีภาคตะวันออก,Vocational,39/54 ม.10 ต.บางเสาธง อ.บางเสาธง จ.สมุทรปราการ,092-4791794,BP,M,em
6203372,อาทิตย์,พะวฤทธิ์,ARTHIT,PHAWARIT,MC,18-Mar-19,14-Jul-19,10-Nov-92,1 4499 00255 96 2,วิทยาลัยเทคนิคมหาสารคาม,Diploma,49 ม.7 ต.เขวา อ.เมืองมหาสารคาม จ.มหาสารคาม,061-8324141,BP,M,em
6204375,ชวลิต,หัดสะ,CHAWALIT,HADSA,MC,23-Apr-19,19-Aug-19,11-Oct-98,1 6099 00449 65 0,วิทยาลัยเทคนิคนครสวรรค์,Diploma,411/278 ต.ปากน้ำโพ อ.เมืองนครสวรรค์ จ.นครสวรรค์,092-0359277,BP,M,em
6208381,โสภณ,นันทมงคลชัย,SOPON,NANTHAMONGKHONCHAI,CAD1(Design),1-Aug-19,27-Nov-19,10-Jun-94,1 5402 00083 20 5,สถาบันอาชีวศึกษาภาคเหนือ 2,Bachelors Degree,119ม.3 ต.ร้องเข็ม อ.ร้องกวาง จ.แพร่,088-2571630,BP,M,em
6210386,พงษ์พัฒน์,เถียรหนู,PHONGPHAT,THEANNOO,CAD2(Design),3-Oct-19,29-Jan-20,10-Jan-94,1 3607 00095 79 4,วิทยาลัยเทคนิคชัยภูมิ,Diploma,17 ม.7 ต.ตะโกทอง อ.ซับใหญ่ จ.ชัยภูมิ,095-8626993,BP,M,em
6301387,KIYOKA,HORITA,KIYOKA,HORITA,MANAGEMENT,3-Jan-20,30-Apr-20,8-Dec-88,TS4837626,Fukui Prefectural University,Bachelors Degree,Rhythm Sukhumvit 50 Phakanong Klong Toey Bankok,089-2024189,BP,F,superadmin
6302388,เกศฎา,ภูมิผักแว่น,KETSADA,PUMPUKWAN,office,10-Feb-20,7-Jun-20,29-Aug-92,1 1037 00868 53 4,มหาวิทยาลัยนเรศวร,Bachelors Degree,111 ม.3 ต.ไทรย้อย อ.เนินมะปราง จ.พิษณุโลก,062-7260365,BP,F,em
6303390,นันทวัฒน์,นำปา,NANTAWAT,NAMPA,CAD1(Design),16-Mar-20,12-Jul-20,1-Nov-97,1 3299 00772 48 8,วิทยาลัยเทคนิคลำพูน,Diploma,137 ม.5 ต.ห้วยอ้อ อ.ลอง จ.แพร่,064-4640222,BP,M,em
6307391,บุรินทร์พศ,เกตุแก้ว,BURINPHOT,KETKAEW,office,1-Jul-20,27-Oct-20,22-Aug-89,1 1206 00126 23 1,มหาวิทยาลัยรามคำแหง,Master,21 ม.2 ต.บางพูด อ.ปากเกร็ด จ.นนทบุรี,095-2477315,BP,M,em
6309393,ฐิติรัตน์,จันทวงศ์,THITIRAT,JANTHAWONG,R&D,7-Sep-20,3-Jan-21,9-Apr-95,1 7599 00269 59 6,มหาวิทยาลัยอุบลราชธานี,Bachelors Degree,39  ม.1 ต.นาแวง อ.เขมราฐ จ.อุบลราชธานี,065-3101391,BP,F,em
6309394,ภาสกร,ตันติวิษณุโสภิต,PASAKORN,TANTIVISANUSOPIT,MC,16-Sep-20,12-Jan-21,13-Dec-94,1 1005 01156 31 1,สถาบันเทคโนโลยีพระจอมเกล้าคุณทหารลาดกระบัง,Bachelors Degree,173 ซ.ลาดปลาเค้า63 แขวงอนุสาวรีย์ เขตบางเขน กรุงเทพฯ,064-5905000,BP,M,em
6406398,วรรณวิภา,ทองรัศมี,WANVIPA,THONGRATSAMEE,PC,7-Jun-21,3-Oct-21,6-Jun-96,1 2001 00643 64 3,มหาวิทยาลัยศรีปทุม,Bachelors Degree,156/5  ม.3 ต.คลองด่าน อ.บางบ่อ จ.สมุทรปราการ,094-3343233,BP,F,em
6406400,ณัฏฐา,พวงทอง,NATTA,PHONGTHONG,Interpteter,21-Jun-21,17-Oct-21,13-Aug-95,1 6599 00714 04 3,มหาวิทยาลัยนเรศวร,Bachelors Degree,112 ม. 7 ต.วัดจันทร์ อ.เมืองพิษณุโลก จ.พิษณุโลก,061-6350597,BP,F,em
6407401,ชญานิตา,พิทยาบริวัฒน์,CHAYANITA,PHITTHAYABORIWAT,QC,1-Jul-21,27-Oct-21,5-Apr-96,1 7399 00596 75 9,มหาวิทยาศรีนครินทร์วิโรฒ,Bachelors Degree,51/217  ม.1 ต.บางแก้ว อ.นครชัยศรี จ.นครปฐม,064-6168393,BP,F,em
6503404,ณัฎฐานิตา,จิตรวัฒนะนนท์,NATTHANITA,JITWATTHANANON,Marketing,1-Mar-22,27-Jun-22,12-Sep-97,1 1027 00782 20 5,มหาวิทยาลัยเกษตรศาสตร์,Bachelors Degree,104/47 ซ.งามดูพลี แขวงทุ่งมหาเมฆ เขตสาทร กทม.,065-9269599,BP,F,em
6505405,ประทีป,หุ่นทอง,PRATEEP,HUNTHONG,MC,3-May-22,29-Aug-22,22-Mar-90,1 6799 00187 99 0,วิทยาลัยเทคนิคเพชรบูรณ์,Vocational,666/104 ม.6 ต.บางเพรียง อ.บางบ่อ จ.สมุทรปราการ,099-4259594,BP,M,em
6509406,อนุชา,เดชพิพัฒน์พงค์,ANUCHA,DATPHIPHATPONG,R&D,16-Sep-22,12-Jan-23,13-Nov-92,1 5703 00111 04 9,มหาวิทยาลัยเทคโนโลยีราชมงคลล้านนาน่าน,Bachelors Degree,289/59 ต.บางเพรียง อ.บางบ่อ จ.สมุทรปราการ,095-3460382,BP,M,em
